"MethodName","InternalCallCount","InternalFiles"
"CreateSessionHandler","586","DBConnection.AD.cs; DBConnection.AE.cs; DBConnection.AR.cs; DBConnection.BAC.cs; DBConnection.CAD.cs; DBConnection.CAU.cs; DBConnection.cs; DBConnection.DB.cs; DBConnection.FAD.cs; DBConnection.FRPT.cs; DBConnection.FRPT.Pdf.cs; DBConnection.HD.cs; DBConnection.IID.cs; DBConnection.IID.ExceptionReports.cs; DBConnection.IID.Pdf.cs; DBConnection.PG.cs; DBConnection.RPT.cs; DBConnection.SM.cs"
"DatabaseConnection","858","DBConnection.AD.cs; DBConnection.AdminCatalog.cs; DBConnection.AE.cs; DBConnection.AR.cs; DBConnection.BAC.cs; DBConnection.CAD.cs; DBConnection.CAU.cs; DBConnection.cs; DBConnection.DB.cs; DBConnection.FAD.cs; DBConnection.FAD.Risk.cs; DBConnection.FRPT.cs; DBConnection.FRPT.Pdf.cs; DBConnection.HD.cs; DBConnection.IID.cs; DBConnection.IID.ExceptionReports.cs; DBConnection.IID.Pdf.cs; DBConnection.LG.cs; DBConnection.Logging.cs; DBConnection.MANRPT.cs; DBConnection.ObservationPdf.cs; DBConnection.PG.cs; DBConnection.RPT.cs; DBConnection.Security.cs; DBConnection.SM.cs"
"HashPassword","7","DBConnection.AD.cs; DBConnection.CAD.cs; DBConnection.cs"
"GeneratePassword","1","DBConnection.AD.cs"
"GetRiskDescByID","1","DBConnection.AD.cs"
"GetLatestCommentsOnProcess","1","DBConnection.AD.cs"
"ReadString","32","DBConnection.AD.cs; DBConnection.AdminCatalog.cs; DBConnection.LG.cs"
"UpdateGMOffice","1","DBConnection.AD.cs"
"UpdateReportingLine","1","DBConnection.AD.cs"
"ReadInt","36","DBConnection.AdminCatalog.cs; DBConnection.AE.cs; DBConnection.AR.cs; DBConnection.FAD.cs; DBConnection.HD.cs; DBConnection.LG.cs"
"MaintainApiMaster","2","DBConnection.AdminCatalog.cs"
"GetOrdinal","12","DBConnection.AdminCatalog.cs; DBConnection.AE.cs; DBConnection.AR.cs; DBConnection.CAD.cs; DBConnection.HD.cs; DBConnection.IID.Pdf.cs; DBConnection.LG.cs; DBConnection.SM.cs"
"GetManagedObservationTextForBranches","3","DBConnection.AE.cs; DBConnection.Notification.cs"
"ReadNullableInt","18","DBConnection.AE.cs; DBConnection.AR.cs; DBConnection.FAD.cs; DBConnection.HD.cs; DBConnection.LG.cs"
"GetAttachedAuditeeEvidencesFromDirectory","1","DBConnection.AE.cs"
"DeleteSubFolderDirectoryInAuditeeEvidenceFromServer","1","DBConnection.AE.cs"
"GetOldParasObservationResponsiblePPNOs","7","DBConnection.AE.cs; DBConnection.HD.cs"
"GetOldParasEvidences","7","DBConnection.AE.cs; DBConnection.HD.cs"
"GetAttachedFilesFromDirectory","1","DBConnection.AE.cs"
"SaveImage","2","DBConnection.AE.cs; DBConnection.cs"
"DeleteSubFolderDirectoryFromServer","1","DBConnection.AE.cs"
"GetAttachedCAUEvidencesFromDirectory","1","DBConnection.AE.cs"
"DeleteSubFolderDirectoryInCAUEvidenceFromServer","1","DBConnection.AE.cs"
"GetLoggedInUserEngId","22","DBConnection.AR.cs; DBConnection.cs; DBConnection.HD.cs"
"SetEngIdOnHold","1","DBConnection.AR.cs"
"CleanDbMessage","5","DBConnection.AR.cs; DBConnection.cs"
"GetLatestAuditeeResponse","5","DBConnection.AR.cs"
"GetObservationResponsiblePPNOs","12","DBConnection.AR.cs; DBConnection.HD.cs"
"GetRespondedObservationEvidences","2","DBConnection.AR.cs"
"HasColumn","61","DBConnection.AR.cs; DBConnection.FAD.cs; DBConnection.IID.cs"
"GetLatestAuditorResponse","5","DBConnection.AR.cs; DBConnection.HD.cs"
"GetLatestDepartmentalHeadResponse","5","DBConnection.AR.cs; DBConnection.HD.cs"
"GetLegacyParaResponsiblePersons","1","DBConnection.AR.cs"
"GetAuditeeAssignedEntities","2","DBConnection.archive.cs"
"GetAuditeeOldParasEntities","2","DBConnection.archive.cs"
"GetAuditVoilationcats","2","DBConnection.archive.cs"
"GetAuditChecklistCAD","2","DBConnection.archive.cs"
"GetRisks","2","DBConnection.archive.cs"
"GetFunctionalListForDashboard","2","DBConnection.archive.cs"
"GetRiskProcessDefinition","2","DBConnection.archive.cs"
"GetAnnexuresForChecklistDetail","2","DBConnection.archive.cs"
"GetrealtionshiptypeForDashboardPanel","2","DBConnection.archive.cs"
"GetEntitiesDropDownForManageObservations","2","DBConnection.archive.cs"
"GetLegacyParasEntities","2","DBConnection.archive.cs"
"GetStaffPosition","2","DBConnection.archive.cs"
"GetDepartments","2","DBConnection.archive.cs"
"GetDivisions","2","DBConnection.archive.cs"
"GetZones","2","DBConnection.archive.cs"
"GetDuplicateParasAuthorizationEntityList","2","DBConnection.archive.cs"
"GetAuditEntitiesForOtherEntitySelection","2","DBConnection.archive.cs"
"GetDepositCat","2","DBConnection.archive.cs"
"GetLoansScheme","2","DBConnection.archive.cs"
"GetLoansSchemeYearly","2","DBConnection.archive.cs"
"GetAuditeeEntitiesType","2","DBConnection.archive.cs"
"GetAuditYearForAddLegacyPara","2","DBConnection.archive.cs"
"GetAuditNatureForAddLegacyPara","2","DBConnection.archive.cs"
"GetLegacyParasEntitiesHO","2","DBConnection.archive.cs"
"GetLegacyParasEntitiesFAD","2","DBConnection.archive.cs"
"GetGlheadDetails","2","DBConnection.archive.cs"
"GetControlViolations","2","DBConnection.archive.cs"
"Getrealtionshiptype","2","DBConnection.archive.cs"
"GetCurrentParasEntitiesForStatusChange","2","DBConnection.archive.cs"
"GetActiveInactiveChartData","2","DBConnection.archive.cs"
"GetAuditeeOldParas","2","DBConnection.archive.cs"
"GetOldParasManagement","2","DBConnection.archive.cs"
"AddOldParasCADReply","2","DBConnection.archive.cs"
"AddOldParasCADCompliance","2","DBConnection.archive.cs"
"GetOldParasBranchComplianceTextupdate","2","DBConnection.archive.cs"
"GetReportingOfficeWiseObservations","2","DBConnection.archive.cs"
"GetEntitiesRiskBasePlanForDashboard","2","DBConnection.archive.cs"
"GetFunctionalResponsibilityWiseParaForDashboard","2","DBConnection.archive.cs"
"GetHOFunctionalResponsibilityWiseParaForDashboard","2","DBConnection.archive.cs"
"GetHOViolationListForDashboard","2","DBConnection.archive.cs"
"GetHOSubViolationListForDashboard","2","DBConnection.archive.cs"
"GetFunctionalObservations","2","DBConnection.archive.cs"
"GetAuditEntitiesByTypeId","2","DBConnection.archive.cs"
"AddNewLegacyPara","2","DBConnection.archive.cs"
"GetAddedLegacyParaForAuthorize","2","DBConnection.archive.cs"
"AuthorizeLegacyParaAddition","2","DBConnection.archive.cs"
"DeleteLegacyParaAdditionRequest","2","DBConnection.archive.cs"
"GetOldSettledParasForResponseAuthorize","2","DBConnection.archive.cs"
"AddAuthorizeChangeStatusRequestForSettledPara","2","DBConnection.archive.cs"
"GetUpdatedGistParaOfLegacyParaForAuthorize","2","DBConnection.archive.cs"
"AuthorizeLegacyParaGistParaNoUpdate","2","DBConnection.archive.cs"
"GetDuplicateParasForAuthorization","2","DBConnection.archive.cs"
"RejectDeleteDuplicatePara","2","DBConnection.archive.cs"
"AuthDeleteDuplicatePara","2","DBConnection.archive.cs"
"GetDepositAccountSubdetails","2","DBConnection.archive.cs"
"GetDepositAccountcatdetails","2","DBConnection.archive.cs"
"GetIncomeExpenceDetails","2","DBConnection.archive.cs"
"GetCurrentParasForStatusChangeRequestAuthorize","2","DBConnection.archive.cs"
"AddChangeStatusRequestForCurrentPara","2","DBConnection.archive.cs"
"GetParasForStatusChange","2","DBConnection.archive.cs"
"AddChangeStatusRequestForPara","2","DBConnection.archive.cs"
"GetParasForStatusChangeToAuthorize","2","DBConnection.archive.cs"
"AuthorizeChangeStatusRequestForPara","2","DBConnection.archive.cs"
"SafeReadNullableLong","4","DBConnection.CAD.cs"
"SafeReadNullableInt","18","DBConnection.CAD.cs; DBConnection.CAU.cs; DBConnection.IID.cs"
"SafeReadString","35","DBConnection.CAD.cs; DBConnection.CAU.cs"
"SafeReadInt","6","DBConnection.CAD.cs; DBConnection.CAU.cs; DBConnection.IID.cs"
"ReadOutputNullableInt","1","DBConnection.CAU.cs"
"InvalidCommercialAuditSessionResult","6","DBConnection.CAU.cs"
"AddNullableIntParameter","11","DBConnection.CAU.cs"
"NormalizeActiveFlag","12","DBConnection.CAU.cs"
"BuildCommercialAuditActionResult","6","DBConnection.CAU.cs"
"AddNullableDateParameter","2","DBConnection.CAU.cs"
"SafeReadNullableDate","2","DBConnection.CAU.cs"
"ResolveCauKey","2","DBConnection.cs"
"DecryptPassword","1","DBConnection.cs"
"KillSessions","1","DBConnection.cs"
"ResetLoginAttemptsForPpNumber","4","DBConnection.cs"
"GetRemoteIpAddress","1","DBConnection.cs"
"HashEncryptedPassword","5","DBConnection.cs"
"DisposeLoginSession","1","DBConnection.cs"
"RequiresPasswordChange","1","DBConnection.cs"
"CreateAuditReport","1","DBConnection.cs"
"GetMimeType","4","DBConnection.cs"
"GetTopMenuPages","1","DBConnection.cs"
"AppendFrptPdfEngagementMenu","1","DBConnection.cs"
"GetTopMenus","1","DBConnection.cs"
"ReadFirstAvailableString","5","DBConnection.cs"
"Shuffle","1","DBConnection.cs"
"DeleteImage","1","DBConnection.cs"
"GetManagedObservations","2","DBConnection.cs"
"GetObservationText","1","DBConnection.cs"
"GetManagedObservationsForBranches","5","DBConnection.cs; DBConnection.Notification.cs"
"AddInitialResponsibilityAssignment","1","DBConnection.cs"
"UpdateResponsibilityAssignment","1","DBConnection.cs"
"GetParaText","1","DBConnection.FAD.cs"
"GetParaReferenceLinks","2","DBConnection.FAD.cs"
"GetAuditChecklistAnnexureCirculars","3","DBConnection.FAD.cs"
"DeleteReference","1","DBConnection.FAD.cs"
"AddReference","1","DBConnection.FAD.cs"
"UpdateParaReference","1","DBConnection.FAD.cs"
"GetLegacyParaResponsiblePersonsFAD","1","DBConnection.FAD.cs"
"EnsureConnectionOpen","35","DBConnection.FRPT.cs; DBConnection.MANRPT.cs"
"GetFieldAuditEntityId","1","DBConnection.FRPT.cs"
"LoadColumnMap","3","DBConnection.FRPT.cs"
"GetOptionalString","19","DBConnection.FRPT.cs; DBConnection.FRPT.Pdf.cs"
"GetOptionalInt","3","DBConnection.FRPT.cs"
"GetOptionalDecimal","1","DBConnection.FRPT.cs"
"GetTeamDetails","1","DBConnection.FRPT.cs"
"GetFieldAuditNarrativeSections","2","DBConnection.FRPT.cs"
"HasFieldAuditRows","3","DBConnection.FRPT.cs"
"GetFieldAuditReportOverview","2","DBConnection.FRPT.cs; DBConnection.Notification.cs"
"GetFieldAuditPdfHeader","1","DBConnection.FRPT.Pdf.cs"
"GetFieldAuditPdfReportMeta","1","DBConnection.FRPT.Pdf.cs"
"GetFieldAuditPdfSections","1","DBConnection.FRPT.Pdf.cs"
"GetFieldAuditPdfKpiSnapshot","1","DBConnection.FRPT.Pdf.cs"
"GetFieldAuditPdfNplSnapshot","1","DBConnection.FRPT.Pdf.cs"
"GetFieldAuditPdfStaffSnapshot","1","DBConnection.FRPT.Pdf.cs"
"GetFieldAuditPdfParas","1","DBConnection.FRPT.Pdf.cs"
"GetFieldAuditPdfStatistics","1","DBConnection.FRPT.Pdf.cs"
"GetFieldAuditPdfIncomeLeakage","1","DBConnection.FRPT.Pdf.cs"
"GetFieldAuditPdfOverallConclusion","1","DBConnection.FRPT.Pdf.cs"
"GetFieldAuditTeamDetails","1","DBConnection.FRPT.Pdf.cs"
"GetOverallConclusion","1","DBConnection.FRPT.Pdf.cs"
"GetOldParasObservationResponsiblePPNOsUpdatedByImp","1","DBConnection.HD.cs"
"GetOldParasForFinalSettlement","1","DBConnection.HD.cs"
"GetUploadedAuditReportsFromDirectory","1","DBConnection.HD.cs"
"DeleteAuditReportSubFolderDirectoryFromServer","1","DBConnection.HD.cs"
"SafeOracleNullableIntValue","3","DBConnection.IID.cs"
"SaveComplaintIAID","1","DBConnection.IID.cs"
"ParseSessionPpNumber","8","DBConnection.IID.cs"
"SafeOracleIntValue","10","DBConnection.IID.cs"
"LogIidSaveDebug","12","DBConnection.IID.cs"
"ParseDate","2","DBConnection.IID.cs"
"NormalizeAuditFlag","1","DBConnection.IID.cs"
"SafeOracleNullableLongValue","1","DBConnection.IID.cs"
"SaveFinalApprovalRecord","2","DBConnection.IID.cs"
"GetStringValue","66","DBConnection.IID.cs"
"GetNullableLongValue","17","DBConnection.IID.cs"
"AddIidIoCursor","37","DBConnection.IID.cs"
"GetLongValue","23","DBConnection.IID.cs"
"GetIntValue","7","DBConnection.IID.cs"
"GetDateValue","8","DBConnection.IID.cs"
"GetNullableDateValue","13","DBConnection.IID.cs"
"ExecuteIidResult","23","DBConnection.IID.cs"
"DigitsOnly","9","DBConnection.IID.cs"
"SaveIidInqProceeding","2","DBConnection.IID.cs"
"SaveIidInqStatement","2","DBConnection.IID.cs"
"GetNullableIntValue","1","DBConnection.IID.cs"
"SaveIidFindingsRecommByAccusation","1","DBConnection.IID.cs"
"GetIidInqEvidenceFilesByComplaintId","2","DBConnection.IID.cs; DBConnection.IID.Pdf.cs"
"IsOracleTrue","1","DBConnection.IID.cs"
"EqualsFilterValue","1","DBConnection.IID.cs"
"ContainsFilterValue","10","DBConnection.IID.cs"
"ApplyReportFilter","1","DBConnection.IID.cs"
"GetComplaint","2","DBConnection.IID.Pdf.cs; DBConnection.Notification.cs"
"GetIidInqAccusationsByComplaintId","1","DBConnection.IID.Pdf.cs"
"GetIidInqAccusedListByComplaintId","1","DBConnection.IID.Pdf.cs"
"GetIidInqProceedingsByComplaintId","1","DBConnection.IID.Pdf.cs"
"GetIidInqStatementsByComplaintId","1","DBConnection.IID.Pdf.cs"
"GetIidInqRecordsByComplaintId","1","DBConnection.IID.Pdf.cs"
"GetIidInqEvidenceStepByComplaintId","1","DBConnection.IID.Pdf.cs"
"GetIidInqViolationsByComplaintId","1","DBConnection.IID.Pdf.cs"
"GetIidInqFindingsRecommByComplaintId","1","DBConnection.IID.Pdf.cs"
"GetIidInqDsaByComplaintId","1","DBConnection.IID.Pdf.cs"
"GetLatestInquiryReportByComplaintId","1","DBConnection.IID.Pdf.cs"
"GetIidPlanDetails","1","DBConnection.IID.Pdf.cs"
"IsIidComplaintFinalized","1","DBConnection.IID.Pdf.cs"
"LogWithLevel","3","DBConnection.LG.cs"
"ReadDateTime","1","DBConnection.LG.cs"
"ReadClob","1","DBConnection.LG.cs"
"GuardAgainstDynamicSql","5","DBConnection.Logging.cs; DBConnection.RPT.cs; DBConnection.Security.cs"
"GetManagementAuditCover","1","DBConnection.MAN.Pdf.cs"
"GetManagementReportPdfSections","1","DBConnection.MAN.Pdf.cs"
"GetManReportStaffSnapshot","1","DBConnection.MAN.Pdf.cs"
"GetManReportObservationPdfParas","1","DBConnection.MAN.Pdf.cs"
"GetManReportSettledPdfParas","1","DBConnection.MAN.Pdf.cs"
"GetManagementAuditTeamDetails","1","DBConnection.MAN.Pdf.cs"
"GetManReportObjectiveScope","1","DBConnection.MANRPT.cs"
"GetManReportExecutiveSummary","1","DBConnection.MANRPT.cs"
"ParseNullableInt","1","DBConnection.Notification.cs"
"GetAuditeeRecipientEmails","2","DBConnection.Notification.cs"
"GetTentativePlansForFields","1","DBConnection.Notification.cs"
"GetAuditTeams","1","DBConnection.Notification.cs"
"BuildEngagementLabel","1","DBConnection.Notification.cs"
"ChooseFirstNonEmpty","7","DBConnection.Notification.cs"
"GetUserEmailsByPpNumbers","1","DBConnection.Notification.cs"
"GetInspectionUnits","1","DBConnection.Notification.cs"
"GetUsersByEntityId","2","DBConnection.Notification.cs"
"BuildFinalReportLabel","1","DBConnection.Notification.cs"
"GetAuditeeEntitiesForUpdate","1","DBConnection.Notification.cs"
"DistinctEmails","3","DBConnection.Notification.cs"
"GetAllUsers","2","DBConnection.Notification.cs"
"GetObservationPrintDetails","1","DBConnection.ObservationPdf.cs"
"GetNullableLong","1","DBConnection.ObservationPdf.cs"
"GetExpectedCountOfAuditEntitiesOnCriteria","1","DBConnection.PG.cs"
"GetLatestCommentsOnEngagement","1","DBConnection.PG.cs"
"SafeGetInt32","1","DBConnection.RPT.cs"
"SafeGetString","11","DBConnection.RPT.cs"
"SafeGetDecimal","29","DBConnection.RPT.cs"
"DbValue","16","DBConnection.Security.cs"
"Truncate","11","DBConnection.Security.cs"
