"Category","Controller","Action/API","HTTP Method","DB Package","DB Procedure","Business IDs available","Audit Action Name","Coverage Status","Reason"
"ADMINISTRATION","AdministrationPanel","add_group_item_assignment","UNKNOWN","pkg_ad","p_AddGroupMenuItemsAssignment","","","REQUIRES LOGGING","Requires endpoint-specific Oracle success-contract verification before safe instrumentation"
"ADMINISTRATION","AdministrationPanel","add_group_item_assignment","UNKNOWN","pkg_ad","P_RemoveGroupMenuItemsAssignment","","","REQUIRES LOGGING","Requires endpoint-specific Oracle success-contract verification before safe instrumentation"
"ADMINISTRATION","AdministrationPanel","assigned_menu_pages","UNKNOWN","pkg_ad","P_GetAssignedMenuPages","","","NOT REQUIRED","Read/view/query action; no meaningful state change identified"
"CHECKLIST","AdministrationPanel","authorize_audit_checklist","UNKNOWN","pkg_ad","p_Get_updated_Checklist_for_review","","","NOT REQUIRED","Read/view/query action; no meaningful state change identified"
"ADMINISTRATION","AdministrationPanel","DeleteSystemLogs","UNKNOWN","PKG_LG","P_DELETE_SYS_LOGS","","","REQUIRES LOGGING","Requires endpoint-specific Oracle success-contract verification before safe instrumentation"
"ADMINISTRATION","AdministrationPanel","entity_addition","UNKNOWN","pkg_ad","p_get_audited_by","","","NOT REQUIRED","Read/view/query action; no meaningful state change identified"
"ADMINISTRATION","AdministrationPanel","entity_addition","UNKNOWN","pkg_ad","P_Get_Entity_type","","","NOT REQUIRED","Read/view/query action; no meaningful state change identified"
"ADMINISTRATION","AdministrationPanel","entity_addition","UNKNOWN","pkg_ad","P_Getrealtionshiptype","","","NOT REQUIRED","Read/view/query action; no meaningful state change identified"
"ADMINISTRATION","AdministrationPanel","entity_shifting","UNKNOWN","pkg_ad","p_get_audited_by","","","NOT REQUIRED","Read/view/query action; no meaningful state change identified"
"ADMINISTRATION","AdministrationPanel","entity_shifting","UNKNOWN","pkg_ad","P_Get_Entity_type","","","NOT REQUIRED","Read/view/query action; no meaningful state change identified"
"ADMINISTRATION","AdministrationPanel","entity_shifting","UNKNOWN","pkg_ad","P_Getrealtionshiptype","","","NOT REQUIRED","Read/view/query action; no meaningful state change identified"
"ADMINISTRATION","AdministrationPanel","group_add","UNKNOWN","pkg_ad","p_AddGroup","","","REQUIRES LOGGING","Requires endpoint-specific Oracle success-contract verification before safe instrumentation"
"ADMINISTRATION","AdministrationPanel","group_role_assignment","UNKNOWN","pkg_ad","p_GetAllMenuPages","","","NOT REQUIRED","Read/view/query action; no meaningful state change identified"
"ADMINISTRATION","AdministrationPanel","group_role_assignment","UNKNOWN","pkg_ad","P_GetAllTopMenus","","","NOT REQUIRED","Read/view/query action; no meaningful state change identified"
"ADMINISTRATION","AdministrationPanel","group_role_assignment","UNKNOWN","pkg_ad","P_GetGroups","","","NOT REQUIRED","Read/view/query action; no meaningful state change identified"
"ADMINISTRATION","AdministrationPanel","menu_assignment","UNKNOWN","pkg_ad","p_GetAllMenuPages","","","NOT REQUIRED","Read/view/query action; no meaningful state change identified"
"ADMINISTRATION","AdministrationPanel","menu_assignment","UNKNOWN","pkg_ad","P_GetAllTopMenus","","","NOT REQUIRED","Read/view/query action; no meaningful state change identified"
"ADMINISTRATION","AdministrationPanel","menu_assignment","UNKNOWN","pkg_ad","P_GetGroups","","","NOT REQUIRED","Read/view/query action; no meaningful state change identified"
"AUDIT_EXECUTION","AdministrationPanel","update_auditee_entities","UNKNOWN","pkg_ad","P_Get_Entity_type","","","NOT REQUIRED","Read/view/query action; no meaningful state change identified"
"AUDIT_EXECUTION","AdministrationPanel","update_auditee_entities","UNKNOWN","pkg_ad","P_GetBranchSizes","","","NOT REQUIRED","Read/view/query action; no meaningful state change identified"
"AUDIT_EXECUTION","AdministrationPanel","update_auditee_entities","UNKNOWN","pkg_ad","P_GetRisks","","","NOT REQUIRED","Read/view/query action; no meaningful state change identified"
"ADMINISTRATION","ApiCalls","add_ais_entity_for_admin_panel_entity_addition","POST/GET","pkg_ad","P_InsertENTITIEES","ENG_ID","","REQUIRES LOGGING","Requires endpoint-specific Oracle success-contract verification before safe instrumentation"
"ADMINISTRATION","ApiCalls","add_ais_entity_mapping_for_admin_panel_entity_addition","POST/GET","pkg_ad","P_ADD_ENTITIES_MAPPING","","","REQUIRES LOGGING","Requires endpoint-specific Oracle success-contract verification before safe instrumentation"
"ANNEXURE","ApiCalls","add_annexure","POST/GET","pkg_ad","P_ADD_ANNEXURE","","","REQUIRES LOGGING","Requires endpoint-specific Oracle success-contract verification before safe instrumentation"
"CHECKLIST","ApiCalls","add_audit_checklist","POST","pkg_ad","P_audit_checklist","","","REQUIRES LOGGING","Requires endpoint-specific Oracle success-contract verification before safe instrumentation"
"CHECKLIST","ApiCalls","add_audit_checklist_detail","UNKNOWN","pkg_ad","P_audit_checklist_detail","","","REQUIRES LOGGING","Requires endpoint-specific Oracle success-contract verification before safe instrumentation"
"AUDIT_EXECUTION","ApiCalls","add_audit_period","POST/GET","pkg_pg","P_AddAuditPeriod","","","REQUIRES LOGGING","Requires endpoint-specific Oracle success-contract verification before safe instrumentation"
"CHECKLIST","ApiCalls","add_audit_sub_checklist","POST/GET","pkg_ad","P_audit_checklist_sub","","","REQUIRES LOGGING","Requires endpoint-specific Oracle success-contract verification before safe instrumentation"
"COMPLIANCE","ApiCalls","Add_Authorization_Old_Para_Change_status","UNKNOWN","pkg_fad","p_authorizechangestatusrequestforsettledpara","","","REQUIRES LOGGING","Requires endpoint-specific Oracle success-contract verification before safe instrumentation"
"COMPLIANCE","ApiCalls","add_compliance_flow","POST","pkg_ad","P_ADD_UPDATE_COMPLIANCE_FLOW","","","REQUIRES LOGGING","Requires endpoint-specific Oracle success-contract verification before safe instrumentation"
"COMPLIANCE","ApiCalls","add_compliance_hierarchy","POST","pkg_ad","P_ADD_COM_OFFICER","","","REQUIRES LOGGING","Requires endpoint-specific Oracle success-contract verification before safe instrumentation"
"ADMINISTRATION","ApiCalls","add_control_violation","POST","","","","","REQUIRES LOGGING","Requires endpoint-specific Oracle success-contract verification before safe instrumentation"
"AUDIT_REPORT","ApiCalls","add_exception_account_report","POST/GET","pkg_sm","P_Add_new_exp_report","","","REQUIRES LOGGING","Requires endpoint-specific Oracle success-contract verification before safe instrumentation"
"ADMINISTRATION","ApiCalls","add_hr_designation_wise_role_assignment","POST/GET","pkg_ad","P_ADD_HR_DESIGNATION_RIGHT","","","REQUIRES LOGGING","Requires endpoint-specific Oracle success-contract verification before safe instrumentation"
"AUDIT_REPORT","ApiCalls","add_iid_exception_account_report","POST","pkg_ISM","P_ADD_NEW_EXP_REPORT","","","REQUIRES LOGGING","Requires endpoint-specific Oracle success-contract verification before safe instrumentation"
"AUDIT_PLANNING","ApiCalls","add_inspection_team","POST/GET","","","ENTITY_ID","","REQUIRES LOGGING","Requires endpoint-specific Oracle success-contract verification before safe instrumentation"
"COMPLIANCE","ApiCalls","add_legacy_para_cad_compliance","POST/GET","pkg_ae","P_UpdateAuditeeOldParasresponse","","","REQUIRES LOGGING","Requires endpoint-specific Oracle success-contract verification before safe instrumentation"
"COMPLIANCE","ApiCalls","add_legacy_para_cad_reply","POST/GET","pkg_ae","P_updateoldparamanagement","","","REQUIRES LOGGING","Requires endpoint-specific Oracle success-contract verification before safe instrumentation"
"COMPLIANCE","ApiCalls","add_legacy_para_observation_text","GET","pkg_hd","P_AddOldParas","","","REQUIRES LOGGING","Requires endpoint-specific Oracle success-contract verification before safe instrumentation"
"COMPLIANCE","ApiCalls","add_legacy_para_reply","POST/GET","pkg_ae","P_AddOldParasReply","ENG_ID","","REQUIRES LOGGING","Requires endpoint-specific Oracle success-contract verification before safe instrumentation"
"AUDIT_EXECUTION","ApiCalls","add_manage_entities_audit_department","POST/GET","pkg_ad","P_add_Entities_Audit_Department","","","REQUIRES LOGGING","Requires endpoint-specific Oracle success-contract verification before safe instrumentation"
"ADMINISTRATION","ApiCalls","add_manage_observatiton_status","POST/GET","pkg_ad","P_add_Obs_status","PARA_ID","","REQUIRES LOGGING","Requires endpoint-specific Oracle success-contract verification before safe instrumentation"
"ADMINISTRATION","ApiCalls","add_menu_page_for_admin_panel","POST","pkg_ad","P_ADD_NEW_PAGE","","","REQUIRES LOGGING","Requires endpoint-specific Oracle success-contract verification before safe instrumentation"
"COMPLIANCE","ApiCalls","add_new_legacy_para","UNKNOWN","pkg_hd","P_add_legacy_Para","","","REQUIRES LOGGING","Requires endpoint-specific Oracle success-contract verification before safe instrumentation"
"COMPLIANCE","ApiCalls","Add_New_Para_Change_status_Request","UNKNOWN","pkg_hd","P_ChangeStatusRequestForSettledPara_new","ENTITY_ID","","REQUIRES LOGGING","Requires endpoint-specific Oracle success-contract verification before safe instrumentation"
"ADMINISTRATION","ApiCalls","add_new_user","POST","","","","","REQUIRES LOGGING","Requires endpoint-specific Oracle success-contract verification before safe instrumentation"
"AUDIT_EXECUTION","ApiCalls","add_observation_gist_and_recommendation","UNKNOWN","","","","","REQUIRES LOGGING","Requires endpoint-specific Oracle success-contract verification before safe instrumentation"
"COMPLIANCE","ApiCalls","Add_Old_Para_Change_status","UNKNOWN","pkg_hd","p_changestatusrequestforsettledpara","","","REQUIRES LOGGING","Requires endpoint-specific Oracle success-contract verification before safe instrumentation"
"COMPLIANCE","ApiCalls","Add_Old_Para_Change_status_Authorize","UNKNOWN","pkg_fad","P_AuthorizeChangeStatusRequestForSettledPara_new","","","REQUIRES LOGGING","Requires endpoint-specific Oracle success-contract verification before safe instrumentation"
"COMPLIANCE","ApiCalls","Add_Old_Para_Change_status_Review","UNKNOWN","pkg_hd","P_ChangeStatusRequestForSettledPara_new_reviewer","","","REQUIRES LOGGING","Requires endpoint-specific Oracle success-contract verification before safe instrumentation"
"COMPLIANCE","ApiCalls","Add_Para_Change_status_Request","UNKNOWN","pkg_hd","P_Add_Paras_For_Status_Change","","","REQUIRES LOGGING","Requires endpoint-specific Oracle success-contract verification before safe instrumentation"
"COMPLIANCE","ApiCalls","ADD_PARA_STATUS_CHANGE_REQUEST","POST","PKG_FAD","P_ADD_PARA_STATUS_CHANGE","","","REQUIRES LOGGING","Requires endpoint-specific Oracle success-contract verification before safe instrumentation"
"ADMINISTRATION","ApiCalls","add_public_holiday","UNKNOWN","PKG_AD","P_INSERT_PUBLIC_HOLIDAY","","","REQUIRES LOGGING","Requires endpoint-specific Oracle success-contract verification before safe instrumentation"
"COMPLIANCE","ApiCalls","add_responsibility_to_legacy_para","UNKNOWN","pkg_ar","p_add_para_responsibility","","","REQUIRES LOGGING","Requires endpoint-specific Oracle success-contract verification before safe instrumentation"
"COMPLIANCE","ApiCalls","add_responsibility_to_legacy_para_fad","UNKNOWN","pkg_fad","p_add_para_responsibility","","","REQUIRES LOGGING","Requires endpoint-specific Oracle success-contract verification before safe instrumentation"
"COMPLIANCE","ApiCalls","add_responsible_for_old_paras","POST/GET","pkg_ar","P_responibilityforoldpara","","","REQUIRES LOGGING","Requires endpoint-specific Oracle success-contract verification before safe instrumentation"
"AUDIT_EXECUTION","ApiCalls","add_responsible_to_observation","POST/GET","","","","","REQUIRES LOGGING","Requires endpoint-specific Oracle success-contract verification before safe instrumentation"
"AUDIT_PLANNING","ApiCalls","add_special_audit_plan","POST/GET","pkg_pg","P_ADD_Special_Audit_Plan","ENTITY_ID","","REQUIRES LOGGING","Requires endpoint-specific Oracle success-contract verification before safe instrumentation"
"ADMINISTRATION","ApiCalls","add_sub_entity","POST/GET","pkg_ad","P_AddSubEntity","","","REQUIRES LOGGING","Requires endpoint-specific Oracle success-contract verification before safe instrumentation"
"ADMINISTRATION","ApiCalls","add_sub_entity","POST/GET","pkg_ad","P_UpdateSubEntity","","","REQUIRES LOGGING","Requires endpoint-specific Oracle success-contract verification before safe instrumentation"
"ADMINISTRATION","ApiCalls","add_sub_menu_for_admin_panel","POST","pkg_ad","P_ADD_NEW_SUB_MENU","","","REQUIRES LOGGING","Requires endpoint-specific Oracle success-contract verification before safe instrumentation"
"ADMINISTRATION","ApiCalls","Add_Working_Paper_Account_Opening","POST/GET","pkg_ar","P_AddAccountOpeningDetails","","","REQUIRES LOGGING","Requires endpoint-specific Oracle success-contract verification before safe instrumentation"
"ADMINISTRATION","ApiCalls","Add_Working_Paper_Cash_Counter","POST/GET","pkg_ar","P_AddCashCounterDetails","ENG_ID","","REQUIRES LOGGING","Requires endpoint-specific Oracle success-contract verification before safe instrumentation"
"ADMINISTRATION","ApiCalls","Add_Working_Paper_Fixed_Assets","POST/GET","pkg_ar","P_AddFixedAssetsDetails","","","REQUIRES LOGGING","Requires endpoint-specific Oracle success-contract verification before safe instrumentation"
"ADMINISTRATION","ApiCalls","Add_Working_Paper_Loan_Cases","POST/GET","pkg_ar","P_AddLoanCaseFile","","","REQUIRES LOGGING","Requires endpoint-specific Oracle success-contract verification before safe instrumentation"
"ADMINISTRATION","ApiCalls","Add_Working_Paper_Voucher_Checking","POST/GET","pkg_ar","P_AddVoucherChecking","ENTITY_ID","","REQUIRES LOGGING","Requires endpoint-specific Oracle success-contract verification before safe instrumentation"
"ADMINISTRATION","ApiCalls","AddAnalysis","UNKNOWN","PKG_INQ","ADD_ANALYSIS","","","REQUIRES LOGGING","Requires endpoint-specific Oracle success-contract verification before safe instrumentation"
"ADMINISTRATION","ApiCalls","AddAssessment","POST","PKG_INQ","ADD_ASSESSMENT","","","REQUIRES LOGGING","Requires endpoint-specific Oracle success-contract verification before safe instrumentation"
"AUDIT_PLANNING","ApiCalls","AddAuditTeam","UNKNOWN","pkg_pg","P_addauditteam","","","REQUIRES LOGGING","Requires endpoint-specific Oracle success-contract verification before safe instrumentation"
"AUDIT_PLANNING","ApiCalls","AddAuditTeam","UNKNOWN","pkg_pg","P_MAXTEAMID","","","REQUIRES LOGGING","Requires endpoint-specific Oracle success-contract verification before safe instrumentation"
"ADMINISTRATION","ApiCalls","AddCaseStudy","POST/GET","PKG_INQ","ADD_CASE_STUDY","ENG_ID","","REQUIRES LOGGING","Requires endpoint-specific Oracle success-contract verification before safe instrumentation"
"AUDIT_PLANNING","ApiCalls","AddEngagementPlan","UNKNOWN","","","","","REQUIRES LOGGING","Requires endpoint-specific Oracle success-contract verification before safe instrumentation"
"AUDIT_PLANNING","ApiCalls","AddEngagementPlan","UNKNOWN","pkg_pg","P_AddAuditEngagementPlan","","","REQUIRES LOGGING","Requires endpoint-specific Oracle success-contract verification before safe instrumentation"
"AUDIT_PLANNING","ApiCalls","AddEngagementPlan","UNKNOWN","pkg_pg","P_GetAuditTeams","","","NOT REQUIRED","Read/view/query action; no meaningful state change identified"
"ADMINISTRATION","ApiCalls","AddFinalApproval","POST","","","","","REQUIRES LOGGING","Requires endpoint-specific Oracle success-contract verification before safe instrumentation"
"ADMINISTRATION","ApiCalls","AddFinalApproval","POST","PKG_INQ","P_ENQUEUE_EMAIL","","","REQUIRES LOGGING","Requires endpoint-specific Oracle success-contract verification before safe instrumentation"
"ADMINISTRATION","ApiCalls","AddFinalApproval","POST","PKG_INQ","P_GET_COMPLAINT_ID_BY_REPORT","","","NOT REQUIRED","Read/view/query action; no meaningful state change identified"
"ADMINISTRATION","ApiCalls","AddHeadReview","UNKNOWN","","","","","REQUIRES LOGGING","Requires endpoint-specific Oracle success-contract verification before safe instrumentation"
"ADMINISTRATION","ApiCalls","AddHeadReview","UNKNOWN","PKG_INQ","ADD_HEAD_REVIEW","","","REQUIRES LOGGING","Requires endpoint-specific Oracle success-contract verification before safe instrumentation"
"INQUIRY_COMPLAINT","ApiCalls","AddIidInqAccusation","UNKNOWN","PKG_INQ","P_ADD_INQ_ACCUSATION","","","REQUIRES LOGGING","Requires endpoint-specific Oracle success-contract verification before safe instrumentation"
"INQUIRY_COMPLAINT","ApiCalls","AddIidInqAccused","UNKNOWN","PKG_INQ","P_ADD_INQ_ACCUSED","","","REQUIRES LOGGING","Requires endpoint-specific Oracle success-contract verification before safe instrumentation"
"INQUIRY_COMPLAINT","ApiCalls","AddIidInqDsa","UNKNOWN","PKG_INQ","P_ADD_INQ_DSA","","","REQUIRES LOGGING","Requires endpoint-specific Oracle success-contract verification before safe instrumentation"
"FILES_EVIDENCE","ApiCalls","AddIidInqEvidenceFile","UNKNOWN","PKG_INQ","P_ADD_INQ_EVIDENCE_FILE","","","REQUIRES LOGGING","Requires endpoint-specific Oracle success-contract verification before safe instrumentation"
"INQUIRY_COMPLAINT","ApiCalls","AddIidInqProceeding","POST/GET","PKG_INQ","P_SAVE_INQ_PROCEEDING","report_id","","REQUIRES LOGGING","Requires endpoint-specific Oracle success-contract verification before safe instrumentation"
"INQUIRY_COMPLAINT","ApiCalls","AddIidInqRecord","UNKNOWN","PKG_INQ","P_ADD_INQ_RECORD","","","REQUIRES LOGGING","Requires endpoint-specific Oracle success-contract verification before safe instrumentation"
"INQUIRY_COMPLAINT","ApiCalls","AddIidInqStatement","POST/GET","PKG_INQ","P_ADD_INQ_STATEMENT","ENG_ID","","REQUIRES LOGGING","Requires endpoint-specific Oracle success-contract verification before safe instrumentation"
"INQUIRY_COMPLAINT","ApiCalls","AddIidInqViolation","POST","PKG_INQ","P_ADD_INQ_VIOLATION","","","REQUIRES LOGGING","Requires endpoint-specific Oracle success-contract verification before safe instrumentation"
"ADMINISTRATION","ApiCalls","addinpectioncriteria","POST/GET","","","ENTITY_ID","","REQUIRES LOGGING","Requires endpoint-specific Oracle success-contract verification before safe instrumentation"
"AUDIT_REPORT","ApiCalls","AddInquiryReport","UNKNOWN","PKG_INQ","ADD_INQUIRY_REPORT","","","REQUIRES LOGGING","Requires endpoint-specific Oracle success-contract verification before safe instrumentation"
"AUDIT_PLANNING","ApiCalls","AddInvestigationPlan","GET","PKG_INQ","ADD_INV_PLAN","","","REQUIRES LOGGING","Requires endpoint-specific Oracle success-contract verification before safe instrumentation"
"COMPLIANCE","ApiCalls","AddOldParasComplianceReviewer","POST/GET","pkg_ae","P_AddOldParasReviewer","","","REQUIRES LOGGING","Requires endpoint-specific Oracle success-contract verification before safe instrumentation"
"AUDIT_PLANNING","ApiCalls","AddPlanApproval","POST/GET","PKG_INQ","ADD_PLAN_APPROVAL","","","REQUIRES LOGGING","Requires endpoint-specific Oracle success-contract verification before safe instrumentation"
"AUDIT_PLANNING","ApiCalls","AddPlanApproval","POST/GET","PKG_INQ","P_ENQUEUE_EMAIL","","","REQUIRES LOGGING","Requires endpoint-specific Oracle success-contract verification before safe instrumentation"
"AUDIT_PLANNING","ApiCalls","AddPlanApproval","POST/GET","PKG_INQ","P_GET_COMPLAINT_ID_BY_PLAN","","","NOT REQUIRED","Read/view/query action; no meaningful state change identified"
"ADMINISTRATION","ApiCalls","AddVersionHistory","UNKNOWN","PKG_AD","P_ADD_VERSION_HISTORY","","","REQUIRES LOGGING","Requires endpoint-specific Oracle success-contract verification before safe instrumentation"
"AUDIT_PLANNING","ApiCalls","approve_engagement_plan","POST","pkg_pg","P_ApproveAuditEngagementPlan","","","REQUIRES LOGGING","Requires endpoint-specific Oracle success-contract verification before safe instrumentation"
"AUDIT_PLANNING","ApiCalls","approve_special_audit_plan","POST","pkg_pg","P_Update_Special_Audit","","","REQUIRES LOGGING","Requires endpoint-specific Oracle success-contract verification before safe instrumentation"
"COMPLIANCE","ApiCalls","assign_annexure_with_para","POST/GET","pkg_fad","P_Update_paras_annex_fad","","","REQUIRES LOGGING","Requires endpoint-specific Oracle success-contract verification before safe instrumentation"
"COMPLIANCE","ApiCalls","authorize_delete_duplicate_para","GET","pkg_hd","P_AUTH_DUPLICATE_PARAS","","","REQUIRES LOGGING","Requires endpoint-specific Oracle success-contract verification before safe instrumentation"
"COMPLIANCE","ApiCalls","Authorize_Legacy_Para_addition","UNKNOWN","pkg_hd","P_Authorize_legacy_para_addition","","","REQUIRES LOGGING","Requires endpoint-specific Oracle success-contract verification before safe instrumentation"
"COMPLIANCE","ApiCalls","Authorize_Legacy_Para_Gist_ParaNo","POST/GET","pkg_ar","P_Authorize_Para_Gist","","","REQUIRES LOGGING","Requires endpoint-specific Oracle success-contract verification before safe instrumentation"
"CHECKLIST","ApiCalls","authorize_merge_duplicate_checklists","POST/GET","pkg_ad","P_AUTHORIZE_DUPLICATE_CHECKLIST_DETAILS","","","REQUIRES LOGGING","Requires endpoint-specific Oracle success-contract verification before safe instrumentation"
"ADMINISTRATION","ApiCalls","authorize_merge_duplicate_process","POST/GET","pkg_ad","P_AUTHORIZE_MERGER_CHECKLIST","","","REQUIRES LOGGING","Requires endpoint-specific Oracle success-contract verification before safe instrumentation"
"ADMINISTRATION","ApiCalls","authorize_merge_duplicate_sub_process","POST","pkg_ad","P_AUTHORIZE_MERGER_CHECKLIST_SUB","","","REQUIRES LOGGING","Requires endpoint-specific Oracle success-contract verification before safe instrumentation"
"COMPLIANCE","ApiCalls","authorize_para_change_status","UNKNOWN","pkg_hd","P_Authorize_Paras_For_Status","","","REQUIRES LOGGING","Requires endpoint-specific Oracle success-contract verification before safe instrumentation"
"COMPLIANCE","ApiCalls","authorize_para_for_manage_audit_paras","UNKNOWN","pkg_ar","P_Authorize_Update_Audit_Paras","","","REQUIRES LOGGING","Requires endpoint-specific Oracle success-contract verification before safe instrumentation"
"COMPLIANCE","ApiCalls","AUTHORIZE_PARA_STATUS_CHANGE_REQUEST","POST","PKG_FAD","P_AUTHORIZE_PARA_STATUS_CHANGE","","","REQUIRES LOGGING","Requires endpoint-specific Oracle success-contract verification before safe instrumentation"
"ADMINISTRATION","ApiCalls","authorize_process_transaction_by_authorizer","POST","pkg_ad","p_approve_checklist_By_Authorizer","","","REQUIRES LOGGING","Requires endpoint-specific Oracle success-contract verification before safe instrumentation"
"ADMINISTRATION","ApiCalls","authorize_sub_process_by_authorizer","POST/GET","pkg_ad","p_Approved_Sub_Process_By_Authorizer","","","REQUIRES LOGGING","Requires endpoint-specific Oracle success-contract verification before safe instrumentation"
"AUDIT_EXECUTION","ApiCalls","AuthorizeAuditCriteria","UNKNOWN","pkg_pg","P_SetAuditCriteriaStatusApprove","","","REQUIRES LOGGING","Requires endpoint-specific Oracle success-contract verification before safe instrumentation"
"ADMINISTRATION","ApiCalls","branch_add","UNKNOWN","","","","","REQUIRES LOGGING","Requires endpoint-specific Oracle success-contract verification before safe instrumentation"
"AUDIT_EXECUTION","ApiCalls","close_draft_audit","POST/GET","pkg_ar","P_CloseAudit","COM_ID","","REQUIRES LOGGING","Requires endpoint-specific Oracle success-contract verification before safe instrumentation"
"AUDIT_PLANNING","ApiCalls","create_engagement_Exception_data","GET","pkg_sm","P_add_exception_data","","","REQUIRES LOGGING","Requires endpoint-specific Oracle success-contract verification before safe instrumentation"
"AUDIT_PLANNING","ApiCalls","create_engagement_sample_data","UNKNOWN","pkg_sm","P_add_sample_data","","","REQUIRES LOGGING","Requires endpoint-specific Oracle success-contract verification before safe instrumentation"
"COMPLIANCE","ApiCalls","Delete_Legacy_Para_addition_request","POST/GET","pkg_hd","P_referedback_Del_para","","","REQUIRES LOGGING","Requires endpoint-specific Oracle success-contract verification before safe instrumentation"
"COMPLIANCE","ApiCalls","delete_legacy_para_HO","POST/GET","pkg_ar","P_Delete_Legacy_Para_HO","","","REQUIRES LOGGING","Requires endpoint-specific Oracle success-contract verification before safe instrumentation"
"COMPLIANCE","ApiCalls","delete_legacy_para_responsibility","UNKNOWN","pkg_fad","p_delete_para_responsibility","","","REQUIRES LOGGING","Requires endpoint-specific Oracle success-contract verification before safe instrumentation"
"COMPLIANCE","ApiCalls","delete_responsibility_of_legacy_para","UNKNOWN","pkg_ar","p_delete_para_responsibility","","","REQUIRES LOGGING","Requires endpoint-specific Oracle success-contract verification before safe instrumentation"
"AUDIT_EXECUTION","ApiCalls","delete_responsible_from_observation","POST/GET","pkg_ar","P_Delete_responsibility","","","REQUIRES LOGGING","Requires endpoint-specific Oracle success-contract verification before safe instrumentation"
"AUDIT_PLANNING","ApiCalls","delete_special_audit_plan","POST","pkg_pg","P_Update_Special_Audit","","","REQUIRES LOGGING","Requires endpoint-specific Oracle success-contract verification before safe instrumentation"
"AUDIT_PLANNING","ApiCalls","DeleteAuditTeam","UNKNOWN","pkg_pg","P_DeleteAuditTeam","","","REQUIRES LOGGING","Requires endpoint-specific Oracle success-contract verification before safe instrumentation"
"INQUIRY_COMPLAINT","ApiCalls","DeleteIidInqAccusation","UNKNOWN","PKG_INQ","P_DELETE_INQ_ACCUSATION","","","REQUIRES LOGGING","Requires endpoint-specific Oracle success-contract verification before safe instrumentation"
"INQUIRY_COMPLAINT","ApiCalls","DeleteIidInqAccused","UNKNOWN","PKG_INQ","P_DELETE_INQ_ACCUSED","","","REQUIRES LOGGING","Requires endpoint-specific Oracle success-contract verification before safe instrumentation"
"INQUIRY_COMPLAINT","ApiCalls","DeleteIidInqDsa","UNKNOWN","PKG_INQ","P_DELETE_INQ_DSA","","","REQUIRES LOGGING","Requires endpoint-specific Oracle success-contract verification before safe instrumentation"
"FILES_EVIDENCE","ApiCalls","DeleteIidInqEvidenceFile","UNKNOWN","PKG_INQ","P_DELETE_INQ_EVIDENCE_FILE","","","REQUIRES LOGGING","Requires endpoint-specific Oracle success-contract verification before safe instrumentation"
"INQUIRY_COMPLAINT","ApiCalls","DeleteIidInqProceeding","POST","PKG_INQ","P_DELETE_INQ_PROCEEDING","REPORT_ID","","REQUIRES LOGGING","Requires endpoint-specific Oracle success-contract verification before safe instrumentation"
"INQUIRY_COMPLAINT","ApiCalls","DeleteIidInqRecord","POST","PKG_INQ","P_DELETE_INQ_RECORD","","","REQUIRES LOGGING","Requires endpoint-specific Oracle success-contract verification before safe instrumentation"
"INQUIRY_COMPLAINT","ApiCalls","DeleteIidInqStatement","UNKNOWN","PKG_INQ","P_DELETE_INQ_STATEMENT","PLAN_ID","","REQUIRES LOGGING","Requires endpoint-specific Oracle success-contract verification before safe instrumentation"
"INQUIRY_COMPLAINT","ApiCalls","DeleteIidInqViolation","UNKNOWN","PKG_INQ","P_DELETE_INQ_VIOLATION","","","REQUIRES LOGGING","Requires endpoint-specific Oracle success-contract verification before safe instrumentation"
"ADMINISTRATION","ApiCalls","DeletePendingCriteria","POST/GET","pkg_pg","P_DeletePendingCriteria","","","REQUIRES LOGGING","Requires endpoint-specific Oracle success-contract verification before safe instrumentation"
"AUDIT_EXECUTION","ApiCalls","drop_observation","UNKNOWN","pkg_ar","P_DropAuditObservation","","See ApplicationAudit attribute/service","LOGGED","Instrumented with confirmed-result audit path"
"AUDIT_REPORT","ApiCalls","FinalizeIidInquiryReport","UNKNOWN","","","","","REQUIRES LOGGING","Requires endpoint-specific Oracle success-contract verification before safe instrumentation"
"AUDIT_REPORT","ApiCalls","FinalizeIidReport","GET","","","","","REQUIRES LOGGING","Requires endpoint-specific Oracle success-contract verification before safe instrumentation"
"AUDIT_REPORT","ApiCalls","FinalizeIidReport","GET","PKG_INQ","GET_LATEST_INQUIRY_REPORT_BY_COMPLAINT","","","NOT REQUIRED","Read/view/query action; no meaningful state change identified"
"AUDIT_REPORT","ApiCalls","FinalizeIidReport","GET","PKG_INQ","P_ENQUEUE_EMAIL","","","REQUIRES LOGGING","Requires endpoint-specific Oracle success-contract verification before safe instrumentation"
"AUDIT_REPORT","ApiCalls","FinalizeIidReport","GET","PKG_INQ","P_GET_COMPLAINT_ID_BY_REPORT","","","NOT REQUIRED","Read/view/query action; no meaningful state change identified"
"COMPLIANCE","ApiCalls","get_add_legacy_paras_autorize","UNKNOWN","pkg_hd","P_get_legacy_para_to_authorize","OLD_PARA_ID;NEW_PARA_ID","","NOT REQUIRED","Read/view/query action; no meaningful state change identified"
"ADMINISTRATION","ApiCalls","get_address","POST","pkg_rpt","r_getauditeeaddress","","","NOT REQUIRED","Read/view/query action; no meaningful state change identified"
"ADMINISTRATION","ApiCalls","get_ais_entities_for_admin_panel_entity_addition","POST/GET","pkg_ad","P_GET_AIS_ENTITIES","ENTITY_ID","","NOT REQUIRED","Read/view/query action; no meaningful state change identified"
"ADMINISTRATION","ApiCalls","get_ais_entity_existing_mapping_for_admin_panel_entity_addition","POST/GET","pkg_ad","P_get_auditee_entities_mapping","OBS_ID","","NOT REQUIRED","Read/view/query action; no meaningful state change identified"
"COMPLIANCE","ApiCalls","get_all_paras_for_annexure_assignment","POST/GET","pkg_fad","P_Get_all_paras_fad","","","NOT REQUIRED","Read/view/query action; no meaningful state change identified"
"AUDIT_EXECUTION","ApiCalls","get_assigned_observation","POST","pkg_ae","p_GetAssignedObservations","","","NOT REQUIRED","Read/view/query action; no meaningful state change identified"
"COMPLIANCE","ApiCalls","get_assigned_observation_old_paras","POST","pkg_ae","P_GetAuditeeOldParas","","","NOT REQUIRED","Read/view/query action; no meaningful state change identified"
"COMPLIANCE","ApiCalls","get_cau_paras_for_compliance_submitted_to_branch","POST","pkg_ae","P_GetParasForComplianceByCAU_BY_BRANCH","","","NOT REQUIRED","Read/view/query action; no meaningful state change identified"
"CHECKLIST","ApiCalls","get_checklist_detail_comparison_by_Id_for_referredBack","POST/GET","pkg_ad","P_get_checklist_update_byid_ref","","","NOT REQUIRED","Read/view/query action; no meaningful state change identified"
"COMPLIANCE","ApiCalls","get_current_paras_for_status_change_request","UNKNOWN","pkg_hd","P_GetnewParasForResponse","","","NOT REQUIRED","Read/view/query action; no meaningful state change identified"
"COMPLIANCE","ApiCalls","get_current_paras_for_status_change_request_authorize","POST/GET","pkg_fad","p_GetnewParasForResponseAuthorize","","","NOT REQUIRED","Read/view/query action; no meaningful state change identified"
"COMPLIANCE","ApiCalls","get_current_paras_for_status_change_request_review","GET","pkg_hd","P_GetnewParasForResponse_reviewer","","","NOT REQUIRED","Read/view/query action; no meaningful state change identified"
"COMPLIANCE","ApiCalls","get_duplicate_paras_for_authorize","UNKNOWN","pkg_hd","P_GET_DUPLICATE_PARAS_FOR_AUTH","","","NOT REQUIRED","Read/view/query action; no meaningful state change identified"
"ADMINISTRATION","ApiCalls","get_entity_shifting_details","POST/GET","pkg_ad","P_Get_details_for_entity_shifting","","","NOT REQUIRED","Read/view/query action; no meaningful state change identified"
"AUDIT_REPORT","ApiCalls","get_finalized_observations_draft","UNKNOWN","pkg_hd","P_GetFinalizedDraftObservations","","","NOT REQUIRED","Read/view/query action; no meaningful state change identified"
"AUDIT_REPORT","ApiCalls","get_finalized_observations_draft_branch","POST/GET","pkg_hd","P_GetFinalizedDraftObservationsbranch","","","NOT REQUIRED","Read/view/query action; no meaningful state change identified"
"ADMINISTRATION","ApiCalls","get_hr_entities_for_admin_panel_entity_addition","POST/GET","pkg_ad","P_GET_HR_ENTITIES","","","NOT REQUIRED","Read/view/query action; no meaningful state change identified"
"COMPLIANCE","ApiCalls","get_legacy_paras_for_gist_update","UNKNOWN","pkg_ar","P_GetLeagacyObservations_for_gist_update","","","NOT REQUIRED","Read/view/query action; no meaningful state change identified"
"COMPLIANCE","ApiCalls","get_legacy_paras_for_update","UNKNOWN","pkg_ar","P_GetLeagacyObservations","","","NOT REQUIRED","Read/view/query action; no meaningful state change identified"
"COMPLIANCE","ApiCalls","get_legacy_paras_for_update_FAD","UNKNOWN","pkg_fad","P_GetLeagacyObservations","","","NOT REQUIRED","Read/view/query action; no meaningful state change identified"
"COMPLIANCE","ApiCalls","get_legacy_paras_for_update_ho","UNKNOWN","pkg_ar","P_GetLeagacyObservations_ho","","","NOT REQUIRED","Read/view/query action; no meaningful state change identified"
"AUDIT_REPORT","ApiCalls","get_legacy_report_dropdown_contents","POST/GET","pkg_ar","P_GetEntitiesForLegacyPara_ho_report","","","NOT REQUIRED","Read/view/query action; no meaningful state change identified"
"COMPLIANCE","ApiCalls","get_legacy_settled_paras","POST/GET","pkg_hd","P_GetOldParasForResponse","","","NOT REQUIRED","Read/view/query action; no meaningful state change identified"
"COMPLIANCE","ApiCalls","get_legacy_settled_paras_autorize","UNKNOWN","pkg_fad","p_getoldparasforresponseauthorize","","","NOT REQUIRED","Read/view/query action; no meaningful state change identified"
"COMPLIANCE","ApiCalls","get_old_para_br_compliance_text_update","UNKNOWN","pkg_ae","P_GetAuditeeAllParasFAD","","","NOT REQUIRED","Read/view/query action; no meaningful state change identified"
"COMPLIANCE","ApiCalls","GET_PARA_STATUS_AUTHORIZATION","POST","PKG_FAD","P_GET_PARA_STATUS_AUTHORIZATION","","","NOT REQUIRED","Read/view/query action; no meaningful state change identified"
"COMPLIANCE","ApiCalls","GET_PARA_STATUS_CHANGE_REQUEST","UNKNOWN","PKG_FAD","P_GET_PARA_STATUS_REQUEST","","","NOT REQUIRED","Read/view/query action; no meaningful state change identified"
"COMPLIANCE","ApiCalls","get_paras_for_status_change","POST","pkg_hd","P_Get_Paras_For_Status_Change","","","NOT REQUIRED","Read/view/query action; no meaningful state change identified"
"COMPLIANCE","ApiCalls","get_paras_for_status_change_authorize","UNKNOWN","pkg_hd","P_Get_Paras_For_Status_Change_For_Authorize","","","NOT REQUIRED","Read/view/query action; no meaningful state change identified"
"COMPLIANCE","ApiCalls","get_post_compliance_settlement_report","POST/GET","pkg_rpt","P_GET_COMPLIANCE_REPORT","","","NOT REQUIRED","Read/view/query action; no meaningful state change identified"
"COMPLIANCE","ApiCalls","get_proposed_changes_in_manage_paras_auth","UNKNOWN","pkg_ar","P_GET_Para_changes_for_Authorize","","","NOT REQUIRED","Read/view/query action; no meaningful state change identified"
"ADMINISTRATION","ApiCalls","get_responsibility_for_authorize","POST","pkg_ar","P_Get_responsibility_for_Authorize","","","NOT REQUIRED","Read/view/query action; no meaningful state change identified"
"AUDIT_PLANNING","ApiCalls","get_saved_special_audit_plans","POST","pkg_pg","P_GET_Specical_Audit_for_Approval","","","NOT REQUIRED","Read/view/query action; no meaningful state change identified"
"COMPLIANCE","ApiCalls","get_settled_para_compliance_history","POST/GET","PKG_RPT","P_GetParasForCompliancehistory","","","NOT REQUIRED","Read/view/query action; no meaningful state change identified"
"COMPLIANCE","ApiCalls","get_settled_paras_for_compliance_report","POST/GET","pkg_rpt","P_GET_COMPLIANCE_REPORT","","","NOT REQUIRED","Read/view/query action; no meaningful state change identified"
"COMPLIANCE","ApiCalls","get_settled_paras_for_monitoring","POST/GET","PKG_RPT","P_GET_SETTLED_PARA_DETAILS","","","NOT REQUIRED","Read/view/query action; no meaningful state change identified"
"COMPLIANCE","ApiCalls","get_settled_post_compliances_for_monitoring","POST","pkg_hd","P_GetSettledParasForReview","","","NOT REQUIRED","Read/view/query action; no meaningful state change identified"
"AUDIT_PLANNING","ApiCalls","get_team_memeber_details_for_post_changes_team_eng_reversal","POST","pkg_pg","P_GetAuditTeams","OBSERVATION_ID","","NOT REQUIRED","Read/view/query action; no meaningful state change identified"
"COMPLIANCE","ApiCalls","get_update_gist_paraNo_legacy_paras_autorize","POST","pkg_ar","P_get_legacy_para_to_authorize","","","NOT REQUIRED","Read/view/query action; no meaningful state change identified"
"ANNEXURE","ApiCalls","get_zone_Branches_for_Annexure_Assignment","POST/GET","pkg_fad","P_Get_Auditee_Child_FAD","","","NOT REQUIRED","Read/view/query action; no meaningful state change identified"
"AUDIT_EXECUTION","ApiCalls","GetAuditeeEntitiesPendingAuthorization","POST/GET","pkg_ad","P_GetEntitees_for_update_authorization","ENG_ID;OBS_ID","","NOT REQUIRED","Read/view/query action; no meaningful state change identified"
"AUDIT_EXECUTION","ApiCalls","GetAuditeeEntityByIdforAuthorization","POST","pkg_ad","P_GetEntitees_for_update_comp","","","NOT REQUIRED","Read/view/query action; no meaningful state change identified"
"INQUIRY_COMPLAINT","ApiCalls","GetComplaintsDropdown","POST/GET","PKG_INQ","GET_COMPLAINTS_DD","","","NOT REQUIRED","Read/view/query action; no meaningful state change identified"
"AUDIT_EXECUTION","ApiCalls","GetObservationManualReferenceGrid","POST","PKG_FAD","P_GET_MANUAL_REFERENCE_GRID","","","NOT REQUIRED","Read/view/query action; no meaningful state change identified"
"COMPLIANCE","ApiCalls","GetParaReferenceData","POST","","","","","NOT REQUIRED","Read/view/query action; no meaningful state change identified"
"ADMINISTRATION","ApiCalls","GetReferenceDetail","POST","","","","","NOT REQUIRED","Read/view/query action; no meaningful state change identified"
"ADMINISTRATION","ApiCalls","GetReferenceDetailByRefId","UNKNOWN","PKG_FAD","P_GET_REFERENCE_DETAIL_BY_ID","","","NOT REQUIRED","Read/view/query action; no meaningful state change identified"
"ADMINISTRATION","ApiCalls","GetReferenceMasterDetail","UNKNOWN","PKG_FAD","P_GET_REFERENCE_MASTER_DETAIL","","","NOT REQUIRED","Read/view/query action; no meaningful state change identified"
"COMPLIANCE","ApiCalls","Para_Shifted_To","POST","pkg_fad","P_PARA_SHIFTING","","","REQUIRES LOGGING","Requires endpoint-specific Oracle success-contract verification before safe instrumentation"
"AUDIT_EXECUTION","ApiCalls","PostChangesAuditCriteria","UNKNOWN","pkg_pg","P_UpdateAuditCriteria","","","REQUIRES LOGGING","Requires endpoint-specific Oracle success-contract verification before safe instrumentation"
"ADMINISTRATION","ApiCalls","process_add","POST","pkg_ad","P_audit_checklist","","","REQUIRES LOGGING","Requires endpoint-specific Oracle success-contract verification before safe instrumentation"
"COMPLIANCE","ApiCalls","refer_back_legacy_para_to_az","UNKNOWN","pkg_fad","P_referback_legacy_para","","","REQUIRES LOGGING","Requires endpoint-specific Oracle success-contract verification before safe instrumentation"
"AUDIT_PLANNING","ApiCalls","referred_back_special_audit_plan","UNKNOWN","pkg_pg","P_Update_Special_Audit","","","REQUIRES LOGGING","Requires endpoint-specific Oracle success-contract verification before safe instrumentation"
"COMPLIANCE","ApiCalls","referredback_para_for_manage_audit_paras","POST","pkg_ar","P_Authorize_Update_Audit_Paras","","","REQUIRES LOGGING","Requires endpoint-specific Oracle success-contract verification before safe instrumentation"
"AUDIT_EXECUTION","ApiCalls","ReferredBackAuditCriteria","POST","pkg_pg","P_SetAuditCriteriaStatusReferredBack","","","REQUIRES LOGGING","Requires endpoint-specific Oracle success-contract verification before safe instrumentation"
"ADMINISTRATION","ApiCalls","reffered_back_process_transaction_by_authorizer","POST","pkg_ad","p_RefferedBack_checklist_By_Authorizer","","","REQUIRES LOGGING","Requires endpoint-specific Oracle success-contract verification before safe instrumentation"
"ADMINISTRATION","ApiCalls","reffered_back_sub_process_by_authorizer","POST/GET","pkg_ad","p_RefferedBack_Sub_checklist_By_Reviewer","","","REQUIRES LOGGING","Requires endpoint-specific Oracle success-contract verification before safe instrumentation"
"COMPLIANCE","ApiCalls","reject_delete_duplicate_para","UNKNOWN","pkg_hd","P_REJECT_DUPLICATE_PARAS","","","REQUIRES LOGGING","Requires endpoint-specific Oracle success-contract verification before safe instrumentation"
"AUDIT_PLANNING","ApiCalls","reject_engagement_plan","POST/GET","pkg_pg","P_RefferedBackAuditEngagementPlan","","","REQUIRES LOGGING","Requires endpoint-specific Oracle success-contract verification before safe instrumentation"
"COMPLIANCE","ApiCalls","request_delete_duplicate_para","UNKNOWN","pkg_hd","P_ADD_DUPLICATE_PARAS","","","REQUIRES LOGGING","Requires endpoint-specific Oracle success-contract verification before safe instrumentation"
"AUDIT_EXECUTION","ApiCalls","save_commercial_audit_arpse_dac_entry","POST","PKG_COMMERCIAL_AUDIT","P_SAVE_ARPSE_DAC","","","REQUIRES LOGGING","Requires endpoint-specific Oracle success-contract verification before safe instrumentation"
"AUDIT_EXECUTION","ApiCalls","save_commercial_audit_arpse_header","POST","PKG_COMMERCIAL_AUDIT","P_SAVE_ARPSE","","","REQUIRES LOGGING","Requires endpoint-specific Oracle success-contract verification before safe instrumentation"
"AUDIT_EXECUTION","ApiCalls","save_commercial_audit_arpse_pac_entry","POST","PKG_COMMERCIAL_AUDIT","P_SAVE_ARPSE_PAC","","","REQUIRES LOGGING","Requires endpoint-specific Oracle success-contract verification before safe instrumentation"
"AUDIT_EXECUTION","ApiCalls","save_commercial_audit_arpse_pdp_mapping","POST","PKG_COMMERCIAL_AUDIT","P_SAVE_ARPSE_PDP_MAP","","","REQUIRES LOGGING","Requires endpoint-specific Oracle success-contract verification before safe instrumentation"
"AUDIT_EXECUTION","ApiCalls","save_commercial_audit_om","POST/GET","PKG_COMMERCIAL_AUDIT","P_SAVE_OM","","","REQUIRES LOGGING","Requires endpoint-specific Oracle success-contract verification before safe instrumentation"
"AUDIT_EXECUTION","ApiCalls","save_commercial_audit_pdp","POST/GET","PKG_COMMERCIAL_AUDIT","P_SAVE_PDP","","","REQUIRES LOGGING","Requires endpoint-specific Oracle success-contract verification before safe instrumentation"
"AUDIT_EXECUTION","ApiCalls","save_commercial_audit_pdp_om_mapping","POST","PKG_COMMERCIAL_AUDIT","P_SAVE_PDP_OM_MAP","ENG_ID","","REQUIRES LOGGING","Requires endpoint-specific Oracle success-contract verification before safe instrumentation"
"AUDIT_REPORT","ApiCalls","save_exception_report_format","POST/GET","PKG_SM","P_INSERT_EXCEPTION_REPORT_FORMAT","","","REQUIRES LOGGING","Requires endpoint-specific Oracle success-contract verification before safe instrumentation"
"AUDIT_REPORT","ApiCalls","save_iid_exception_report_format","POST/GET","pkg_ISM","P_INSERT_EXCEPTION_REPORT_FORMAT","","","REQUIRES LOGGING","Requires endpoint-specific Oracle success-contract verification before safe instrumentation"
"AUDIT_EXECUTION","ApiCalls","save_observations","UNKNOWN","pkg_ar","P_SaveAuditObservation","","See ApplicationAudit attribute/service","LOGGED","Instrumented with confirmed-result audit path"
"AUDIT_EXECUTION","ApiCalls","save_observations_cau","UNKNOWN","pkg_ar","P_SaveAuditObservationCAD","","See ApplicationAudit attribute/service","LOGGED","Instrumented with confirmed-result audit path"
"INQUIRY_COMPLAINT","ApiCalls","SaveIidFindingsRecommByAccusation","UNKNOWN","PKG_INQ","GET_INQ_FINDINGS_RECOMM","","","NOT REQUIRED","Read/view/query action; no meaningful state change identified"
"INQUIRY_COMPLAINT","ApiCalls","SaveIidFindingsRecommByAccusation","UNKNOWN","PKG_INQ","SAVE_INQ_FINDINGS_RECOMM","","","REQUIRES LOGGING","Requires endpoint-specific Oracle success-contract verification before safe instrumentation"
"FILES_EVIDENCE","ApiCalls","SaveIidInqEvidenceStep","UNKNOWN","PKG_INQ","P_SAVE_INQ_EVIDENCE_STEP","","","REQUIRES LOGGING","Requires endpoint-specific Oracle success-contract verification before safe instrumentation"
"INQUIRY_COMPLAINT","ApiCalls","SaveIidInqFindingsRecomm","GET","","","","","REQUIRES LOGGING","Requires endpoint-specific Oracle success-contract verification before safe instrumentation"
"COMPLIANCE","ApiCalls","SaveParaReferences","POST","","","","","REQUIRES LOGGING","Requires endpoint-specific Oracle success-contract verification before safe instrumentation"
"ADMINISTRATION","ApiCalls","SearchReferences","UNKNOWN","PKG_FAD","P_SearchReferences","","","NOT REQUIRED","Read/view/query action; no meaningful state change identified"
"COMPLIANCE","ApiCalls","settle_legacy_para_HO","POST","pkg_ar","P_Settel_Legacy_Para_HO","","","REQUIRES LOGGING","Requires endpoint-specific Oracle success-contract verification before safe instrumentation"
"ADMINISTRATION","ApiCalls","sub_process_add","POST","pkg_ad","P_audit_checklist_sub","","","REQUIRES LOGGING","Requires endpoint-specific Oracle success-contract verification before safe instrumentation"
"ADMINISTRATION","ApiCalls","sub_process_transaction_add","POST","pkg_ad","P_audit_checklist_detail","","","REQUIRES LOGGING","Requires endpoint-specific Oracle success-contract verification before safe instrumentation"
"AUDIT_EXECUTION","ApiCalls","submit_audit_criterias","POST/GET","pkg_pg","P_SubmitAuditCriteriaForApproval","OBS_ID","","REQUIRES LOGGING","Requires endpoint-specific Oracle success-contract verification before safe instrumentation"
"COMPLIANCE","ApiCalls","submit_cau_para_by_branch","POST/GET","pkg_ae","P_SubmitPostAuditCompliance_BY_BRANCH","ENGID","","REQUIRES LOGGING","Requires endpoint-specific Oracle success-contract verification before safe instrumentation"
"COMPLIANCE","ApiCalls","submit_cau_para_to_branch","POST/GET","pkg_ae","P_FORWARD_CAU_PARA_TO_BRANCH","ENGID","","REQUIRES LOGGING","Requires endpoint-specific Oracle success-contract verification before safe instrumentation"
"AUDIT_EXECUTION","ApiCalls","submit_dsa_to_auditee","POST","pkg_ar","P_draft_dsa","","","REQUIRES LOGGING","Requires endpoint-specific Oracle success-contract verification before safe instrumentation"
"ADMINISTRATION","ApiCalls","submit_dsa_to_dpd","POST","pkg_ar","P_submit_dsa_by_head_fad_to_dpd","ENG_ID","","REQUIRES LOGGING","Requires endpoint-specific Oracle success-contract verification before safe instrumentation"
"ADMINISTRATION","ApiCalls","submit_dsa_to_head_fad","POST/GET","pkg_ar","P_submit_dsa_to_head_fad","","","REQUIRES LOGGING","Requires endpoint-specific Oracle success-contract verification before safe instrumentation"
"ADMINISTRATION","ApiCalls","submit_entity_conv_to_islamic_from_admin_panel","POST","pkg_ad","P_Shift_BR_to_islamic","","","REQUIRES LOGGING","Requires endpoint-specific Oracle success-contract verification before safe instrumentation"
"ADMINISTRATION","ApiCalls","submit_entity_shifting_from_admin_panel","UNKNOWN","pkg_ad","P_Add_Entity_shifting","","See ApplicationAudit attribute/service","LOGGED","Instrumented with confirmed-result audit path"
"AUDIT_PLANNING","ApiCalls","submit_new_team_id_for_post_changes_team_eng_reversal","UNKNOWN","pkg_ad","p_audit_team_postchanges","","","REQUIRES LOGGING","Requires endpoint-specific Oracle success-contract verification before safe instrumentation"
"AUDIT_EXECUTION","ApiCalls","submit_observation_to_auditee","UNKNOWN","","","","See ApplicationAudit attribute/service","LOGGED","Instrumented with confirmed-result audit path"
"AUDIT_EXECUTION","ApiCalls","submit_observation_to_auditee","UNKNOWN","pkg_ar","P_SubmitAuditObservationToAuditee","","See ApplicationAudit attribute/service","LOGGED","Instrumented with confirmed-result audit path"
"COMPLIANCE","ApiCalls","submit_old_para_br_compliance_status","POST/GET","pkg_hd","P_AddOldParasImpRemarks","","","REQUIRES LOGGING","Requires endpoint-specific Oracle success-contract verification before safe instrumentation"
"COMPLIANCE","ApiCalls","submit_old_para_br_compliance_status_partially_settle","POST/GET","pkg_hd","P_AddOldParasImpRemarks_partial_comp","","","REQUIRES LOGGING","Requires endpoint-specific Oracle success-contract verification before safe instrumentation"
"COMPLIANCE","ApiCalls","submit_old_para_compliance_head_status","POST/GET","pkg_hd","P_AddFinalsettlement","","See ApplicationAudit attribute/service","LOGGED","Instrumented with confirmed-result audit path"
"COMPLIANCE","ApiCalls","submit_post_audit_compliance","POST","pkg_ae","P_SubmitPostAuditCompliance","","See ApplicationAudit attribute/service","LOGGED","Instrumented with confirmed-result audit path"
"COMPLIANCE","ApiCalls","submit_post_audit_compliance_review","POST","pkg_ae","P_SubmitPostAuditCompliance_review","","See ApplicationAudit attribute/service","LOGGED","Instrumented with confirmed-result audit path"
"ADMINISTRATION","ApiCalls","submit_pre_concluding","UNKNOWN","pkg_hd","P_audit_pre_submission","","","REQUIRES LOGGING","Requires endpoint-specific Oracle success-contract verification before safe instrumentation"
"AUDIT_PLANNING","ApiCalls","submit_special_audit_plan","POST","pkg_pg","P_Update_Special_Audit","","","REQUIRES LOGGING","Requires endpoint-specific Oracle success-contract verification before safe instrumentation"
"INQUIRY_COMPLAINT","ApiCalls","SubmitComplaint","POST","","","","","REQUIRES LOGGING","Requires endpoint-specific Oracle success-contract verification before safe instrumentation"
"AUDIT_REPORT","ApiCalls","SubmitIidInquiryReportForAnalysis","UNKNOWN","","","","","REQUIRES LOGGING","Requires endpoint-specific Oracle success-contract verification before safe instrumentation"
"AUDIT_REPORT","ApiCalls","SubmitIidInquiryReportForAnalysis","UNKNOWN","PKG_INQ","P_GET_INQ_EVIDENCE_FILES","","","NOT REQUIRED","Read/view/query action; no meaningful state change identified"
"ADMINISTRATION","ApiCalls","update_ais_entity_for_admin_panel_entity_addition","POST/GET","pkg_ad","P_UpdateENTITIEES","ENG_ID","","REQUIRES LOGGING","Requires endpoint-specific Oracle success-contract verification before safe instrumentation"
"ADMINISTRATION","ApiCalls","update_ais_entity_mapping_for_admin_panel_entity_addition","POST/GET","pkg_ad","P_UPDATE_ENTITIES_MAPPING","COM_ID","","REQUIRES LOGGING","Requires endpoint-specific Oracle success-contract verification before safe instrumentation"
"COMPLIANCE","ApiCalls","update_ais_post_compliance","POST/GET","pkg_ad","P_Update_para_AIS_post_compliance","","","REQUIRES LOGGING","Requires endpoint-specific Oracle success-contract verification before safe instrumentation"
"ANNEXURE","ApiCalls","update_annexure","POST/GET","pkg_ad","p_update_annexure","","","REQUIRES LOGGING","Requires endpoint-specific Oracle success-contract verification before safe instrumentation"
"AUDIT_EXECUTION","ApiCalls","update_audit_budget","POST/GET","pkg_ad","P_update_audit_budget","","","REQUIRES LOGGING","Requires endpoint-specific Oracle success-contract verification before safe instrumentation"
"CHECKLIST","ApiCalls","update_audit_checklist","UNKNOWN","pkg_ad","P_audit_checklist_update","","","REQUIRES LOGGING","Requires endpoint-specific Oracle success-contract verification before safe instrumentation"
"CHECKLIST","ApiCalls","update_audit_checklist_detail","UNKNOWN","pkg_ad","audit_checklist_detail_update","","","REQUIRES LOGGING","Requires endpoint-specific Oracle success-contract verification before safe instrumentation"
"AUDIT_EXECUTION","ApiCalls","update_audit_emp","POST","pkg_ad","P_update_audit_emp","","","REQUIRES LOGGING","Requires endpoint-specific Oracle success-contract verification before safe instrumentation"
"AUDIT_EXECUTION","ApiCalls","update_audit_manpower","POST","pkg_ad","P_update_audit_manpower","","","REQUIRES LOGGING","Requires endpoint-specific Oracle success-contract verification before safe instrumentation"
"COMPLIANCE","ApiCalls","update_audit_para_for_finalization","UNKNOWN","pkg_hd","P_audit_para_update_svz_az","","","REQUIRES LOGGING","Requires endpoint-specific Oracle success-contract verification before safe instrumentation"
"COMPLIANCE","ApiCalls","update_audit_para_for_finalization_ho","UNKNOWN","pkg_hd","P_audit_para_update_head_dept","","","REQUIRES LOGGING","Requires endpoint-specific Oracle success-contract verification before safe instrumentation"
"AUDIT_EXECUTION","ApiCalls","update_audit_period","POST","pkg_pg","P_Update_AuditPeriod","","","REQUIRES LOGGING","Requires endpoint-specific Oracle success-contract verification before safe instrumentation"
"CHECKLIST","ApiCalls","update_audit_sub_checklist","POST/GET","pkg_ad","P_audit_checklist_sub_update","COM_ID","","REQUIRES LOGGING","Requires endpoint-specific Oracle success-contract verification before safe instrumentation"
"ADMINISTRATION","ApiCalls","update_ccq","GET","pkg_pg","P_UpdateCCQ","","","REQUIRES LOGGING","Requires endpoint-specific Oracle success-contract verification before safe instrumentation"
"COMPLIANCE","ApiCalls","update_compliance_hierarchy","POST/GET","pkg_ad","P_UPDATE_COM_OFFICER","ENGID","","REQUIRES LOGGING","Requires endpoint-specific Oracle success-contract verification before safe instrumentation"
"COMPLIANCE","ApiCalls","update_compliance_office","POST","pkg_ad","P_UPDATE_ENTITY_COMP","","","REQUIRES LOGGING","Requires endpoint-specific Oracle success-contract verification before safe instrumentation"
"ADMINISTRATION","ApiCalls","update_dsa_heading","POST/GET","pkg_ar","P_update_dsa_heading","","","REQUIRES LOGGING","Requires endpoint-specific Oracle success-contract verification before safe instrumentation"
"AUDIT_PLANNING","ApiCalls","update_engagement_dates_for_status_reversal","POST/GET","pkg_ad","P_UPDATE_ENG_DATE","","","REQUIRES LOGGING","Requires endpoint-specific Oracle success-contract verification before safe instrumentation"
"ADMINISTRATION","ApiCalls","update_entity_types","POST/GET","pkg_ad","P_update_Entities_types","","","REQUIRES LOGGING","Requires endpoint-specific Oracle success-contract verification before safe instrumentation"
"AUDIT_REPORT","ApiCalls","update_exception_report_format","POST/GET","pkg_sm","P_UPDATE_EXCEPTION_REPORT_FORMAT","","","REQUIRES LOGGING","Requires endpoint-specific Oracle success-contract verification before safe instrumentation"
"ADMINISTRATION","ApiCalls","update_gm_office","POST/GET","pkg_ad","P_UPDATE_GM_OFFICE_RELATIONSHIP","","","REQUIRES LOGGING","Requires endpoint-specific Oracle success-contract verification before safe instrumentation"
"AUDIT_REPORT","ApiCalls","update_gm_reporting_line_office","POST","","","","","REQUIRES LOGGING","Requires endpoint-specific Oracle success-contract verification before safe instrumentation"
"ADMINISTRATION","ApiCalls","update_hr_designation_wise_role_assignment","POST/GET","pkg_ad","P_UPDATE_HR_DESIGNATION_RIGHT","","","REQUIRES LOGGING","Requires endpoint-specific Oracle success-contract verification before safe instrumentation"
"AUDIT_REPORT","ApiCalls","update_iid_exception_report_format","POST/GET","pkg_ISM","P_UPDATE_EXCEPTION_REPORT_FORMAT","","","REQUIRES LOGGING","Requires endpoint-specific Oracle success-contract verification before safe instrumentation"
"COMPLIANCE","ApiCalls","update_legacy_para_gist_paraNo","UNKNOWN","pkg_ar","P_update_legacy_Para_Gist","","","REQUIRES LOGGING","Requires endpoint-specific Oracle success-contract verification before safe instrumentation"
"COMPLIANCE","ApiCalls","update_legacy_para_with_responsibilities","UNKNOWN","pkg_ar","P_update_legacy_Para_text","ENTITY_ID;OLD_PARA_ID;NEW_PARA_ID","","REQUIRES LOGGING","Requires endpoint-specific Oracle success-contract verification before safe instrumentation"
"COMPLIANCE","ApiCalls","update_legacy_para_with_responsibilities_FAD","UNKNOWN","pkg_fad","P_update_legacy_Para_text","OLD_PARA_ID;COM_ID","","REQUIRES LOGGING","Requires endpoint-specific Oracle success-contract verification before safe instrumentation"
"COMPLIANCE","ApiCalls","update_legacy_para_with_responsibilities_no_changes","UNKNOWN","pkg_fad","P_reviewed_legacy_Para","","","REQUIRES LOGGING","Requires endpoint-specific Oracle success-contract verification before safe instrumentation"
"COMPLIANCE","ApiCalls","update_legacy_para_with_responsibilities_no_changes_AZ","UNKNOWN","pkg_ar","P_no_update_legacy_Para_text","","","REQUIRES LOGGING","Requires endpoint-specific Oracle success-contract verification before safe instrumentation"
"AUDIT_EXECUTION","ApiCalls","update_manage_entities_audit_department","POST/GET","pkg_ad","P_update_entities_audit_department","","","REQUIRES LOGGING","Requires endpoint-specific Oracle success-contract verification before safe instrumentation"
"ADMINISTRATION","ApiCalls","update_manage_observatiton_status","POST/GET","pkg_ad","P_update_Obs_status","","","REQUIRES LOGGING","Requires endpoint-specific Oracle success-contract verification before safe instrumentation"
"ADMINISTRATION","ApiCalls","update_menu_page_for_admin_panel","UNKNOWN","pkg_ad","P_UPDATE_PAGE","","","REQUIRES LOGGING","Requires endpoint-specific Oracle success-contract verification before safe instrumentation"
"ADMINISTRATION","ApiCalls","update_new_user_admin_panel","POST","pkg_ad","P_UPDATE_NEW_USER","","","REQUIRES LOGGING","Requires endpoint-specific Oracle success-contract verification before safe instrumentation"
"AUDIT_EXECUTION","ApiCalls","update_observation_numbers_for_status_reversal","POST/GET","pkg_ad","P_Update_observation_no","","","REQUIRES LOGGING","Requires endpoint-specific Oracle success-contract verification before safe instrumentation"
"AUDIT_EXECUTION","ApiCalls","update_observation_status","UNKNOWN","pkg_ar","P_UpdateAuditObservationStatus","","See ApplicationAudit attribute/service","LOGGED","Instrumented with confirmed-result audit path"
"AUDIT_EXECUTION","ApiCalls","update_observation_text","UNKNOWN","pkg_ar","P_UpdateObservation","","See ApplicationAudit attribute/service","LOGGED","Instrumented with confirmed-result audit path"
"COMPLIANCE","ApiCalls","update_para_for_manage_audit_paras","POST","pkg_ar","P_UpdateAuditObservationStatus","","","REQUIRES LOGGING","Requires endpoint-specific Oracle success-contract verification before safe instrumentation"
"AUDIT_REPORT","ApiCalls","update_reporting_line","POST/GET","pkg_ad","P_UPDATE_RPT_OFFICE_RELATIONSHIP","","","REQUIRES LOGGING","Requires endpoint-specific Oracle success-contract verification before safe instrumentation"
"ADMINISTRATION","ApiCalls","update_sub_menu_for_admin_panel","UNKNOWN","pkg_ad","P_UPDATE_SUB_MENU","","","REQUIRES LOGGING","Requires endpoint-specific Oracle success-contract verification before safe instrumentation"
"AUDIT_EXECUTION","ApiCalls","UpdateAuditCriteria","POST","pkg_pg","P_UpdateAuditCriteria","","","REQUIRES LOGGING","Requires endpoint-specific Oracle success-contract verification before safe instrumentation"
"AUDIT_EXECUTION","ApiCalls","UpdateAuditeeEntity","POST/GET","pkg_ad","P_UPDATE_ENTITIES","ENG_ID;OBS_ID","","REQUIRES LOGGING","Requires endpoint-specific Oracle success-contract verification before safe instrumentation"
"INQUIRY_COMPLAINT","ApiCalls","UpdateIidInqAccusation","UNKNOWN","PKG_INQ","P_UPDATE_INQ_ACCUSATION","","","REQUIRES LOGGING","Requires endpoint-specific Oracle success-contract verification before safe instrumentation"
"INQUIRY_COMPLAINT","ApiCalls","UpdateIidInqAccused","UNKNOWN","PKG_INQ","P_UPDATE_INQ_ACCUSED","","","REQUIRES LOGGING","Requires endpoint-specific Oracle success-contract verification before safe instrumentation"
"INQUIRY_COMPLAINT","ApiCalls","UpdateIidInqDsa","UNKNOWN","PKG_INQ","P_UPDATE_INQ_DSA","","","REQUIRES LOGGING","Requires endpoint-specific Oracle success-contract verification before safe instrumentation"
"INQUIRY_COMPLAINT","ApiCalls","UpdateIidInqProceeding","UNKNOWN","PKG_INQ","P_SAVE_INQ_PROCEEDING","","","REQUIRES LOGGING","Requires endpoint-specific Oracle success-contract verification before safe instrumentation"
"INQUIRY_COMPLAINT","ApiCalls","UpdateIidInqRecord","POST","PKG_INQ","P_UPDATE_INQ_RECORD","","","REQUIRES LOGGING","Requires endpoint-specific Oracle success-contract verification before safe instrumentation"
"INQUIRY_COMPLAINT","ApiCalls","UpdateIidInqStatement","POST/GET","PKG_INQ","P_ADD_INQ_STATEMENT","ENG_ID","","REQUIRES LOGGING","Requires endpoint-specific Oracle success-contract verification before safe instrumentation"
"INQUIRY_COMPLAINT","ApiCalls","UpdateIidInqViolation","UNKNOWN","PKG_INQ","P_UPDATE_INQ_VIOLATION","","","REQUIRES LOGGING","Requires endpoint-specific Oracle success-contract verification before safe instrumentation"
"ADMINISTRATION","ApiCalls","UpdateVersionHistory","POST","PKG_AD","P_UPDATE_VERSION_HISTORY","","","REQUIRES LOGGING","Requires endpoint-specific Oracle success-contract verification before safe instrumentation"
"AUDIT_REPORT","ApiCalls","upload_audit_report","POST","pkg_hd","P_UPLOAD_AUDIT_REPORT","","","REQUIRES LOGGING","Requires endpoint-specific Oracle success-contract verification before safe instrumentation"
"ADMINISTRATION","ApiMaster","Save","UNKNOWN","PKG_AD","P_MAINT_API_MASTER","","See ApplicationAudit attribute/service","LOGGED","Instrumented with confirmed-result audit path"
"COMPLIANCE","Archive","Update_Legacy_Paras","GET","pkg_ar","P_GetAuditChecklistCAD","","","NOT REQUIRED","Read/view/query action; no meaningful state change identified"
"COMPLIANCE","Archive","Update_Legacy_Paras","GET","pkg_ar","P_GetAuditVoilationcats","","","NOT REQUIRED","Read/view/query action; no meaningful state change identified"
"COMPLIANCE","Archive","Update_Legacy_Paras","GET","pkg_ar","P_GetEntitiesForLegacyPara","","","NOT REQUIRED","Read/view/query action; no meaningful state change identified"
"COMPLIANCE","Archive","Update_Legacy_Paras","GET","pkg_ad","P_GetRisks","","","NOT REQUIRED","Read/view/query action; no meaningful state change identified"
"AUDIT_EXECUTION","AuditeePortal","observation_assigned","UNKNOWN","pkg_ae","p_GetAssignedObservations","","","NOT REQUIRED","Read/view/query action; no meaningful state change identified"
"AUDIT_EXECUTION","AuditeePortal","observation_assigned","UNKNOWN","pkg_ae","P_GetAuditeeAssignedEntities","","","NOT REQUIRED","Read/view/query action; no meaningful state change identified"
"ADMINISTRATION","DashboardLayout","Save","POST","PKG_AD","P_GET_ROLE_DASHBOARD_CONFIG","","","NOT REQUIRED","Read/view/query action; no meaningful state change identified"
"ADMINISTRATION","DashboardLayout","Save","POST","PKG_AD","P_MAINT_ROLE_DASHBOARD_PAGE","","","REQUIRES LOGGING","Requires endpoint-specific Oracle success-contract verification before safe instrumentation"
"AUDIT_PLANNING","Engagement","add_audit_criteria","POST","pkg_pg","P_ADDAUDITCRITERIA","","","REQUIRES LOGGING","Requires endpoint-specific Oracle success-contract verification before safe instrumentation"
"AUDIT_PLANNING","Engagement","add_auditee_entity","POST","pkg_ad","P_AddAuditEntity","","","REQUIRES LOGGING","Requires endpoint-specific Oracle success-contract verification before safe instrumentation"
"AUDIT_REPORT","Engagement","add_joining_report","POST","pkg_ar","P_AddJoiningReport","","","REQUIRES LOGGING","Requires endpoint-specific Oracle success-contract verification before safe instrumentation"
"COMPLIANCE","Execution","manage_audit_paras_authorized","UNKNOWN","pkg_ad","p_get_annexure","","","NOT REQUIRED","Read/view/query action; no meaningful state change identified"
"COMPLIANCE","Execution","manage_audit_paras_authorized","UNKNOWN","pkg_ad","P_GetRisks","","","NOT REQUIRED","Read/view/query action; no meaningful state change identified"
"EXPORT","Execution","observation_export_pdf","UNKNOWN","pkg_ar","p_GetObservationEntities","","","NOT REQUIRED","Read/view/query action; no meaningful state change identified"
"COMPLIANCE","FAD","ChangeParaStatus","UNKNOWN","pkg_ad","P_Getrealtionshiptype","","","NOT REQUIRED","Read/view/query action; no meaningful state change identified"
"COMPLIANCE","FAD","Para_shifting","UNKNOWN","pkg_ad","P_Getrealtionshiptype","","","NOT REQUIRED","Read/view/query action; no meaningful state change identified"
"COMPLIANCE","FAD","Para_shifting","UNKNOWN","pkg_ad","P_GetZonesForHoMointoring","","","NOT REQUIRED","Read/view/query action; no meaningful state change identified"
"AUDIT_EXECUTION","FieldAudit","SubmitJoin","UNKNOWN","pkg_ar","P_AddJoiningReport","","","REQUIRES LOGGING","Requires endpoint-specific Oracle success-contract verification before safe instrumentation"
"AUDIT_EXECUTION","FieldAudit","SubmitJoin","UNKNOWN","pkg_ar","P_GetJoiningDetails","","","NOT REQUIRED","Read/view/query action; no meaningful state change identified"
"AUDIT_REPORT","FieldAuditReport","FinalizeReport","POST","","","","","REQUIRES LOGGING","Requires endpoint-specific Oracle success-contract verification before safe instrumentation"
"AUDIT_REPORT","FieldAuditReport","FinalizeReport","POST","PKG_FRPT","P_FINALIZE_REPORT","","","REQUIRES LOGGING","Requires endpoint-specific Oracle success-contract verification before safe instrumentation"
"AUDIT_REPORT","FieldAuditReport","FinalizeReport","POST","PKG_FRPT","P_IS_REPORT_FINAL","","","REQUIRES LOGGING","Requires endpoint-specific Oracle success-contract verification before safe instrumentation"
"AUDIT_REPORT","FieldAuditReport","SaveFieldAuditInputs","POST","PKG_FRPT","P_IS_REPORT_FINAL","","","REQUIRES LOGGING","Requires endpoint-specific Oracle success-contract verification before safe instrumentation"
"AUDIT_REPORT","FieldAuditReport","SaveFieldAuditInputs","POST","PKG_FRPT","P_SAVE_TEXT_BLOCK","","","REQUIRES LOGGING","Requires endpoint-specific Oracle success-contract verification before safe instrumentation"
"AUDIT_REPORT","FieldAuditReport","SaveIncomeLeakage","POST","PKG_FRPT","P_IS_REPORT_FINAL","","","REQUIRES LOGGING","Requires endpoint-specific Oracle success-contract verification before safe instrumentation"
"AUDIT_REPORT","FieldAuditReport","SaveIncomeLeakage","POST","PKG_FRPT","P_SAVE_INCOME_LEAKAGE","","","REQUIRES LOGGING","Requires endpoint-specific Oracle success-contract verification before safe instrumentation"
"AUDIT_REPORT","FieldAuditReport","SaveKpiSnapshotRows","POST","PKG_FRPT","P_GET_KPI_SNAPSHOT","","","NOT REQUIRED","Read/view/query action; no meaningful state change identified"
"AUDIT_REPORT","FieldAuditReport","SaveKpiSnapshotRows","POST","PKG_FRPT","P_IS_REPORT_FINAL","","","REQUIRES LOGGING","Requires endpoint-specific Oracle success-contract verification before safe instrumentation"
"AUDIT_REPORT","FieldAuditReport","SaveKpiSnapshotRows","POST","PKG_FRPT","P_SAVE_KPI_SNAPSHOT","","","REQUIRES LOGGING","Requires endpoint-specific Oracle success-contract verification before safe instrumentation"
"COMPLIANCE","FieldAuditReport","SaveNarrativePara","POST","","","","","REQUIRES LOGGING","Requires endpoint-specific Oracle success-contract verification before safe instrumentation"
"COMPLIANCE","FieldAuditReport","SaveNarrativePara","POST","PKG_FRPT","P_IS_REPORT_FINAL","","","REQUIRES LOGGING","Requires endpoint-specific Oracle success-contract verification before safe instrumentation"
"AUDIT_REPORT","FieldAuditReport","SaveNplSnapshotRows","POST","PKG_FRPT","P_GET_NPL_SNAPSHOT","","","NOT REQUIRED","Read/view/query action; no meaningful state change identified"
"AUDIT_REPORT","FieldAuditReport","SaveNplSnapshotRows","POST","PKG_FRPT","P_IS_REPORT_FINAL","","","REQUIRES LOGGING","Requires endpoint-specific Oracle success-contract verification before safe instrumentation"
"AUDIT_REPORT","FieldAuditReport","SaveNplSnapshotRows","POST","PKG_FRPT","P_SAVE_NPL_SNAPSHOT","","","REQUIRES LOGGING","Requires endpoint-specific Oracle success-contract verification before safe instrumentation"
"AUDIT_REPORT","FieldAuditReport","SaveOverallConclusion","POST","PKG_FRPT","P_IS_REPORT_FINAL","","","REQUIRES LOGGING","Requires endpoint-specific Oracle success-contract verification before safe instrumentation"
"AUDIT_REPORT","FieldAuditReport","SaveOverallConclusion","POST","PKG_FRPT","P_SAVE_OVERALL_CONCLUSION","","","REQUIRES LOGGING","Requires endpoint-specific Oracle success-contract verification before safe instrumentation"
"AUDIT_REPORT","FieldAuditReport","SavePdfStatistics","POST","PKG_FRPT","P_IS_REPORT_FINAL","","","REQUIRES LOGGING","Requires endpoint-specific Oracle success-contract verification before safe instrumentation"
"AUDIT_REPORT","FieldAuditReport","SavePdfStatistics","POST","PKG_FRPT","P_SAVE_PDF_STATISTICS","","","REQUIRES LOGGING","Requires endpoint-specific Oracle success-contract verification before safe instrumentation"
"AUDIT_REPORT","FieldAuditReport","SaveStaffSnapshotRows","POST","PKG_FRPT","P_GET_STAFF_SNAPSHOT","","","NOT REQUIRED","Read/view/query action; no meaningful state change identified"
"AUDIT_REPORT","FieldAuditReport","SaveStaffSnapshotRows","POST","PKG_FRPT","P_IS_REPORT_FINAL","","","REQUIRES LOGGING","Requires endpoint-specific Oracle success-contract verification before safe instrumentation"
"AUDIT_REPORT","FieldAuditReport","SaveStaffSnapshotRows","POST","PKG_FRPT","P_SAVE_STAFF_SNAPSHOT","","","REQUIRES LOGGING","Requires endpoint-specific Oracle success-contract verification before safe instrumentation"
"AUTHENTICATION","Home","DoChangePassword","UNKNOWN","pkg_lg","P_ChangePassword","","See ApplicationAudit attribute/service","LOGGED","Instrumented with confirmed-result audit path"
"AUDIT_REPORT","IID","Add_Exception_Reports","GET","pkg_rpt","p_get_loan_status","","","NOT REQUIRED","Read/view/query action; no meaningful state change identified"
"INQUIRY_COMPLAINT","IID","FinalApproval","GET","PKG_INQ","P_GET_COMPLAINT_ID_BY_REPORT","","","NOT REQUIRED","Read/view/query action; no meaningful state change identified"
"INQUIRY_COMPLAINT","IID","LoadDashboardPanel","GET","PKG_INQ","GET_COMPLAINTS","","","NOT REQUIRED","Read/view/query action; no meaningful state change identified"
"INQUIRY_COMPLAINT","IID","LoadDashboardPanel","GET","pkg_rpt","R_get_rbh_list","","","NOT REQUIRED","Read/view/query action; no meaningful state change identified"
"INQUIRY_COMPLAINT","IID","SubmitComplaint","GET","pkg_rpt","R_get_rbh_list","","","REQUIRES LOGGING","Requires endpoint-specific Oracle success-contract verification before safe instrumentation"
"AUTHENTICATION","Login","DoLogin","UNKNOWN","","","","","REQUIRES LOGGING","Requires endpoint-specific Oracle success-contract verification before safe instrumentation"
"AUTHENTICATION","Login","Logout","UNKNOWN","","","","","REQUIRES LOGGING","Requires endpoint-specific Oracle success-contract verification before safe instrumentation"
"AUTHENTICATION","Login","Logout","UNKNOWN","pkg_lg","Session_END","","","REQUIRES LOGGING","Requires endpoint-specific Oracle success-contract verification before safe instrumentation"
"AUTHENTICATION","Login","ResetPassword","UNKNOWN","pkg_ad","RESET_USER_PASSWORD","","","REQUIRES LOGGING","Requires endpoint-specific Oracle success-contract verification before safe instrumentation"
"AUDIT_REPORT","MANReport","Finalize","POST","PKG_FRPT","P_FINALIZE_REPORT","","","REQUIRES LOGGING","Requires endpoint-specific Oracle success-contract verification before safe instrumentation"
"AUDIT_REPORT","MANReport","Finalize","POST","PKG_FRPT","P_IS_REPORT_FINAL","","","REQUIRES LOGGING","Requires endpoint-specific Oracle success-contract verification before safe instrumentation"
"COMPLIANCE","MANReport","ParasSettledDuringAudit","GET","PKG_FRPT","P_GET_MAN_SETTLED_PARAS","","","NOT REQUIRED","Read/view/query action; no meaningful state change identified"
"AUDIT_REPORT","MANReport","SaveStaffSnapshotRows","POST","PKG_FRPT","P_GET_MAN_STAFF_SNAPSHOT","","","NOT REQUIRED","Read/view/query action; no meaningful state change identified"
"AUDIT_REPORT","MANReport","SaveStaffSnapshotRows","POST","PKG_FRPT","P_IS_REPORT_FINAL","","","REQUIRES LOGGING","Requires endpoint-specific Oracle success-contract verification before safe instrumentation"
"AUDIT_REPORT","MANReport","SaveStaffSnapshotRows","POST","PKG_FRPT","P_SAVE_STAFF_SNAPSHOT","","","REQUIRES LOGGING","Requires endpoint-specific Oracle success-contract verification before safe instrumentation"
"COMPLIANCE","OutstandingParasPdf","DeleteSummaryPdf","POST","PKG_CIA_SUMMARY_PDF","P_DELETE_CIA_SUMMARY_PDF","","","REQUIRES LOGGING","Requires endpoint-specific Oracle success-contract verification before safe instrumentation"
"COMPLIANCE","OutstandingParasPdf","ExportSelectedSummaryPdfsZip","POST","PKG_CIA_SUMMARY_PDF","P_DOWNLOAD_CIA_SUMMARY_PDF","","","REQUIRES LOGGING","Requires endpoint-specific Oracle success-contract verification before safe instrumentation"
"AUDIT_PLANNING","Planning","post_changes_criteria","UNKNOWN","pkg_pg","P_GetAuditEntities","","","NOT REQUIRED","Read/view/query action; no meaningful state change identified"
"AUDIT_PLANNING","Planning","post_changes_criteria","UNKNOWN","pkg_pg","p_GetAuditFrequencies","","","NOT REQUIRED","Read/view/query action; no meaningful state change identified"
"AUDIT_PLANNING","Planning","post_changes_criteria","UNKNOWN","pkg_pg","P_GetAuditPeriods","","","NOT REQUIRED","Read/view/query action; no meaningful state change identified"
"AUDIT_PLANNING","Planning","post_changes_criteria","UNKNOWN","pkg_ad","P_GetBranchSizes","","","NOT REQUIRED","Read/view/query action; no meaningful state change identified"
"AUDIT_PLANNING","Planning","post_changes_criteria","UNKNOWN","pkg_pg","P_GetPostChangesAuditCriterias","","","NOT REQUIRED","Read/view/query action; no meaningful state change identified"
"AUDIT_PLANNING","Planning","post_changes_criteria","UNKNOWN","pkg_ad","P_GetRisks","","","NOT REQUIRED","Read/view/query action; no meaningful state change identified"
"AUDIT_PLANNING","Planning","special_assignment","UNKNOWN","pkg_ais","P_GetDepartments","","","NOT REQUIRED","Read/view/query action; no meaningful state change identified"
"AUDIT_PLANNING","Planning","special_assignment","UNKNOWN","pkg_ad","P_GetZones","","","NOT REQUIRED","Read/view/query action; no meaningful state change identified"
"AUDIT_PLANNING","Planning","special_assignment","UNKNOWN","pkg_rpt","R_GetDepartments","","","REQUIRES LOGGING","Requires endpoint-specific Oracle success-contract verification before safe instrumentation"
"COMPLIANCE","Reports","monitoring_of_para_settlement","UNKNOWN","PKG_RPT","P_GET_SETTLED_PARA_ENTITIES","","","NOT REQUIRED","Read/view/query action; no meaningful state change identified"
"COMPLIANCE","Reports","settled_paras_report","UNKNOWN","pkg_rpt","P_GET_ENTITY_TYPE_FOR_SETTLEMENT","","","NOT REQUIRED","Read/view/query action; no meaningful state change identified"
"AUDIT_REPORT","Sampling","add_report","UNKNOWN","pkg_rpt","p_get_loan_status","","","NOT REQUIRED","Read/view/query action; no meaningful state change identified"
"ADMINISTRATION","Setup","add_control_violation","POST","","","","","REQUIRES LOGGING","Requires endpoint-specific Oracle success-contract verification before safe instrumentation"
"ADMINISTRATION","Setup","add_sub_entity","POST","pkg_ad","P_AddSubEntity","","","REQUIRES LOGGING","Requires endpoint-specific Oracle success-contract verification before safe instrumentation"
"ADMINISTRATION","Setup","add_sub_entity","POST","pkg_ad","P_UpdateSubEntity","","","REQUIRES LOGGING","Requires endpoint-specific Oracle success-contract verification before safe instrumentation"
"COMPLIANCE","Setup","annexure_assignment_para","UNKNOWN","pkg_ad","p_get_annexure","","","NOT REQUIRED","Read/view/query action; no meaningful state change identified"
"COMPLIANCE","Setup","annexure_assignment_para","UNKNOWN","pkg_fad","P_Get_Auditee_Parent_FAD","","","NOT REQUIRED","Read/view/query action; no meaningful state change identified"
"ADMINISTRATION","Setup","authorize_process_transaction_by_authorizer","POST","pkg_ad","p_approve_checklist_By_Authorizer","","","REQUIRES LOGGING","Requires endpoint-specific Oracle success-contract verification before safe instrumentation"
"CHECKLIST","Setup","authorize_remove_duplicate_checklists","UNKNOWN","pkg_ad","P_GET_DUPLICATE_CHECKLIST_DETAILS_DROPDOWN","","","NOT REQUIRED","Read/view/query action; no meaningful state change identified"
"ADMINISTRATION","Setup","authorize_remove_duplicate_process","UNKNOWN","pkg_ar","P_GetAuditChecklist","","","NOT REQUIRED","Read/view/query action; no meaningful state change identified"
"ADMINISTRATION","Setup","authorize_remove_duplicate_sub_process","UNKNOWN","pkg_ad","P_GET_SUBCHECKILIST","","","NOT REQUIRED","Read/view/query action; no meaningful state change identified"
"ADMINISTRATION","Setup","authorize_remove_duplicate_sub_process","UNKNOWN","pkg_ar","P_GetAuditChecklist","","","NOT REQUIRED","Read/view/query action; no meaningful state change identified"
"ADMINISTRATION","Setup","branch_add","POST","","","","","REQUIRES LOGGING","Requires endpoint-specific Oracle success-contract verification before safe instrumentation"
"ADMINISTRATION","Setup","process_add","POST","pkg_ad","P_audit_checklist","","","REQUIRES LOGGING","Requires endpoint-specific Oracle success-contract verification before safe instrumentation"
"ADMINISTRATION","Setup","process_detail_authorize","UNKNOWN","pkg_ad","p_Get_updated_Checklist_for_review","","","NOT REQUIRED","Read/view/query action; no meaningful state change identified"
"ADMINISTRATION","Setup","reffered_back_process_transaction_by_authorizer","POST","pkg_ad","p_RefferedBack_checklist_By_Authorizer","","","REQUIRES LOGGING","Requires endpoint-specific Oracle success-contract verification before safe instrumentation"
"ADMINISTRATION","Setup","sub_process_add","POST","pkg_ad","P_audit_checklist_sub","","","REQUIRES LOGGING","Requires endpoint-specific Oracle success-contract verification before safe instrumentation"
"ADMINISTRATION","Setup","sub_process_authorize","UNKNOWN","pkg_ad","p_Get_updated_Sub_Checklist_for_review","","","NOT REQUIRED","Read/view/query action; no meaningful state change identified"
"ADMINISTRATION","Setup","sub_process_transaction_add","POST","pkg_ad","P_audit_checklist_detail","","","REQUIRES LOGGING","Requires endpoint-specific Oracle success-contract verification before safe instrumentation"
"FILES_EVIDENCE","UploadFile","DeleteFile","POST","","","","","REQUIRES LOGGING","Requires endpoint-specific Oracle success-contract verification before safe instrumentation"
