"TableName","ColumnName","DataType","IsNotNull","HasDefault","RawLine"
"tbl_lookup_type","lookup_type_id","NUMBER","True","False","lookup_type_id         NUMBER        NOT NULL"
"tbl_lookup_type","lookup_type_code","VARCHAR2(50)","True","False","lookup_type_code       VARCHAR2(50)  NOT NULL"
"tbl_lookup_type","lookup_type_name","VARCHAR2(150)","True","False","lookup_type_name       VARCHAR2(150) NOT NULL"
"tbl_lookup_type","description","VARCHAR2(500)","False","False","description            VARCHAR2(500)"
"tbl_lookup_type","is_system_type","CHAR(1)","True","True","is_system_type         CHAR(1)       DEFAULT 'N' NOT NULL"
"tbl_lookup_type","sort_order","NUMBER","True","True","sort_order             NUMBER        DEFAULT 0 NOT NULL"
"tbl_lookup_type","is_active","CHAR(1)","True","True","is_active              CHAR(1)       DEFAULT 'Y' NOT NULL"
"tbl_lookup_type","created_by","NUMBER","False","False","created_by             NUMBER"
"tbl_lookup_type","created_on","DATE","True","True","created_on             DATE          DEFAULT SYSDATE NOT NULL"
"tbl_lookup_type","modified_by","NUMBER","False","False","modified_by            NUMBER"
"tbl_lookup_type","modified_on","DATE","False","False","modified_on            DATE"
"tbl_lookup_type","record_version","NUMBER","True","True","record_version         NUMBER        DEFAULT 1 NOT NULL"
"tbl_lookup_value","lookup_value_id","NUMBER","True","False","lookup_value_id        NUMBER        NOT NULL"
"tbl_lookup_value","lookup_type_id","NUMBER","True","False","lookup_type_id         NUMBER        NOT NULL"
"tbl_lookup_value","lookup_code","VARCHAR2(50)","True","False","lookup_code            VARCHAR2(50)  NOT NULL"
"tbl_lookup_value","lookup_name","VARCHAR2(150)","True","False","lookup_name            VARCHAR2(150) NOT NULL"
"tbl_lookup_value","short_name","VARCHAR2(50)","False","False","short_name             VARCHAR2(50)"
"tbl_lookup_value","description","VARCHAR2(500)","False","False","description            VARCHAR2(500)"
"tbl_lookup_value","sort_order","NUMBER","True","True","sort_order             NUMBER        DEFAULT 0 NOT NULL"
"tbl_lookup_value","parent_lookup_value_id","NUMBER","False","False","parent_lookup_value_id NUMBER"
"tbl_lookup_value","is_default","CHAR(1)","True","True","is_default             CHAR(1)       DEFAULT 'N' NOT NULL"
"tbl_lookup_value","is_active","CHAR(1)","True","True","is_active              CHAR(1)       DEFAULT 'Y' NOT NULL"
"tbl_lookup_value","created_by","NUMBER","False","False","created_by             NUMBER"
"tbl_lookup_value","created_on","DATE","True","True","created_on             DATE          DEFAULT SYSDATE NOT NULL"
"tbl_lookup_value","modified_by","NUMBER","False","False","modified_by            NUMBER"
"tbl_lookup_value","modified_on","DATE","False","False","modified_on            DATE"
"tbl_lookup_value","record_version","NUMBER","True","True","record_version         NUMBER        DEFAULT 1 NOT NULL"
"tbl_entity_type","entity_type_id","NUMBER","True","False","entity_type_id         NUMBER         NOT NULL"
"tbl_entity_type","entity_type_code","VARCHAR2(30)","True","False","entity_type_code       VARCHAR2(30)   NOT NULL"
"tbl_entity_type","entity_type_name","VARCHAR2(150)","True","False","entity_type_name       VARCHAR2(150)  NOT NULL"
"tbl_entity_type","audited_by_type_id","NUMBER","False","False","audited_by_type_id     NUMBER"
"tbl_entity_type","is_auditable","CHAR(1)","True","True","is_auditable           CHAR(1)        DEFAULT 'Y' NOT NULL"
"tbl_entity_type","is_reporting_unit","CHAR(1)","True","True","is_reporting_unit      CHAR(1)        DEFAULT 'N' NOT NULL"
"tbl_entity_type","is_controlling_unit","CHAR(1)","True","True","is_controlling_unit    CHAR(1)        DEFAULT 'N' NOT NULL"
"tbl_entity_type","entity_group_id","NUMBER","False","False","entity_group_id        NUMBER"
"tbl_entity_type","description","VARCHAR2(500)","False","False","description            VARCHAR2(500)"
"tbl_entity_type","is_active","CHAR(1)","True","True","is_active              CHAR(1)        DEFAULT 'Y' NOT NULL"
"tbl_entity_type","created_by","NUMBER","False","False","created_by             NUMBER"
"tbl_entity_type","created_on","DATE","True","True","created_on             DATE           DEFAULT SYSDATE NOT NULL"
"tbl_entity_type","modified_by","NUMBER","False","False","modified_by            NUMBER"
"tbl_entity_type","modified_on","DATE","False","False","modified_on            DATE"
"tbl_entity_type","record_version","NUMBER","True","True","record_version         NUMBER         DEFAULT 1 NOT NULL"
"tbl_entity","entity_id","NUMBER","True","False","entity_id              NUMBER         NOT NULL"
"tbl_entity","entity_type_id","NUMBER","True","False","entity_type_id         NUMBER         NOT NULL"
"tbl_entity","entity_code","VARCHAR2(50)","True","False","entity_code            VARCHAR2(50)   NOT NULL"
"tbl_entity","entity_name","VARCHAR2(200)","True","False","entity_name            VARCHAR2(200)  NOT NULL"
"tbl_entity","entity_description","VARCHAR2(500)","False","False","entity_description     VARCHAR2(500)"
"tbl_entity","parent_entity_id","NUMBER","False","False","parent_entity_id       NUMBER"
"tbl_entity","audited_by_entity_id","NUMBER","False","False","audited_by_entity_id   NUMBER"
"tbl_entity","compliance_entity_id","NUMBER","False","False","compliance_entity_id   NUMBER"
"tbl_entity","cost_center_code","VARCHAR2(50)","False","False","cost_center_code       VARCHAR2(50)"
"tbl_entity","address_line","VARCHAR2(1000)","False","False","address_line           VARCHAR2(1000)"
"tbl_entity","telephone_no","VARCHAR2(100)","False","False","telephone_no           VARCHAR2(100)"
"tbl_entity","email_address","VARCHAR2(200)","False","False","email_address          VARCHAR2(200)"
"tbl_entity","risk_rating_id","NUMBER","False","False","risk_rating_id         NUMBER"
"tbl_entity","size_band_id","NUMBER","False","False","size_band_id           NUMBER"
"tbl_entity","entity_status_id","NUMBER","False","False","entity_status_id       NUMBER"
"tbl_entity","is_auditable","CHAR(1)","True","True","is_auditable           CHAR(1)        DEFAULT 'Y' NOT NULL"
"tbl_entity","is_active","CHAR(1)","True","True","is_active              CHAR(1)        DEFAULT 'Y' NOT NULL"
"tbl_entity","created_by","NUMBER","False","False","created_by             NUMBER"
"tbl_entity","created_on","DATE","True","True","created_on             DATE           DEFAULT SYSDATE NOT NULL"
"tbl_entity","modified_by","NUMBER","False","False","modified_by            NUMBER"
"tbl_entity","modified_on","DATE","False","False","modified_on            DATE"
"tbl_entity","record_version","NUMBER","True","True","record_version         NUMBER         DEFAULT 1 NOT NULL"
"tbl_entity_relation","entity_relation_id","NUMBER","True","False","entity_relation_id     NUMBER        NOT NULL"
"tbl_entity_relation","parent_entity_id","NUMBER","True","False","parent_entity_id       NUMBER        NOT NULL"
"tbl_entity_relation","child_entity_id","NUMBER","True","False","child_entity_id        NUMBER        NOT NULL"
"tbl_entity_relation","relation_type_id","NUMBER","True","False","relation_type_id       NUMBER        NOT NULL"
"tbl_entity_relation","effective_from","DATE","True","True","effective_from         DATE          DEFAULT TRUNC(SYSDATE) NOT NULL"
"tbl_entity_relation","effective_to","DATE","False","False","effective_to           DATE"
"tbl_entity_relation","is_active","CHAR(1)","True","True","is_active              CHAR(1)       DEFAULT 'Y' NOT NULL"
"tbl_entity_relation","created_by","NUMBER","False","False","created_by             NUMBER"
"tbl_entity_relation","created_on","DATE","True","True","created_on             DATE          DEFAULT SYSDATE NOT NULL"
"tbl_entity_relation","modified_by","NUMBER","False","False","modified_by            NUMBER"
"tbl_entity_relation","modified_on","DATE","False","False","modified_on            DATE"
"tbl_entity_relation","record_version","NUMBER","True","True","record_version         NUMBER        DEFAULT 1 NOT NULL"
"tbl_reference_document","reference_document_id","NUMBER","True","False","reference_document_id  NUMBER         NOT NULL"
"tbl_reference_document","reference_type_id","NUMBER","True","False","reference_type_id      NUMBER         NOT NULL"
"tbl_reference_document","document_code","VARCHAR2(50)","True","False","document_code          VARCHAR2(50)   NOT NULL"
"tbl_reference_document","document_title","VARCHAR2(500)","True","False","document_title         VARCHAR2(500)  NOT NULL"
"tbl_reference_document","issuing_authority","VARCHAR2(200)","False","False","issuing_authority      VARCHAR2(200)"
"tbl_reference_document","issue_date","DATE","False","False","issue_date             DATE"
"tbl_reference_document","effective_date","DATE","False","False","effective_date         DATE"
"tbl_reference_document","expiry_date","DATE","False","False","expiry_date            DATE"
"tbl_reference_document","source_url","VARCHAR2(1000)","False","False","source_url             VARCHAR2(1000)"
"tbl_reference_document","current_version_no","NUMBER","True","True","current_version_no     NUMBER         DEFAULT 1 NOT NULL"
"tbl_reference_document","is_active","CHAR(1)","True","True","is_active              CHAR(1)        DEFAULT 'Y' NOT NULL"
"tbl_reference_document","created_by","NUMBER","False","False","created_by             NUMBER"
"tbl_reference_document","created_on","DATE","True","True","created_on             DATE           DEFAULT SYSDATE NOT NULL"
"tbl_reference_document","modified_by","NUMBER","False","False","modified_by            NUMBER"
"tbl_reference_document","modified_on","DATE","False","False","modified_on            DATE"
"tbl_reference_document","record_version","NUMBER","True","True","record_version         NUMBER         DEFAULT 1 NOT NULL"
"tbl_reference_document_version","reference_document_version_id","NUMBER","True","False","reference_document_version_id NUMBER        NOT NULL"
"tbl_reference_document_version","reference_document_id","NUMBER","True","False","reference_document_id         NUMBER        NOT NULL"
"tbl_reference_document_version","version_no","NUMBER","True","False","version_no                    NUMBER        NOT NULL"
"tbl_reference_document_version","version_label","VARCHAR2(100)","False","False","version_label                 VARCHAR2(100)"
"tbl_reference_document_version","document_text","CLOB","False","False","document_text                 CLOB"
"tbl_reference_document_version","storage_reference","VARCHAR2(500)","False","False","storage_reference             VARCHAR2(500)"
"tbl_reference_document_version","superseded_on","DATE","False","False","superseded_on                 DATE"
"tbl_reference_document_version","is_current_version","CHAR(1)","True","True","is_current_version            CHAR(1)       DEFAULT 'Y' NOT NULL"
"tbl_reference_document_version","is_active","CHAR(1)","True","True","is_active                     CHAR(1)       DEFAULT 'Y' NOT NULL"
"tbl_reference_document_version","created_by","NUMBER","False","False","created_by                    NUMBER"
"tbl_reference_document_version","created_on","DATE","True","True","created_on                    DATE          DEFAULT SYSDATE NOT NULL"
"tbl_reference_document_version","modified_by","NUMBER","False","False","modified_by                   NUMBER"
"tbl_reference_document_version","modified_on","DATE","False","False","modified_on                   DATE"
"tbl_reference_document_version","record_version","NUMBER","True","True","record_version                NUMBER        DEFAULT 1 NOT NULL"
"tbl_checklist_section","entity_type_id","NUMBER","False","False","entity_type_id         NUMBER"
"tbl_checklist_section","section_code","VARCHAR2(50)","True","False","section_code           VARCHAR2(50)   NOT NULL"
"tbl_checklist_section","section_name","VARCHAR2(200)","True","False","section_name           VARCHAR2(200)  NOT NULL"
"tbl_checklist_section","section_description","VARCHAR2(500)","False","False","section_description    VARCHAR2(500)"
"tbl_checklist_section","sort_order","NUMBER","True","True","sort_order             NUMBER         DEFAULT 0 NOT NULL"
"tbl_checklist_section","is_active","CHAR(1)","True","True","is_active              CHAR(1)        DEFAULT 'Y' NOT NULL"
"tbl_checklist_section","created_by","NUMBER","False","False","created_by             NUMBER"
"tbl_checklist_section","created_on","DATE","True","True","created_on             DATE           DEFAULT SYSDATE NOT NULL"
"tbl_checklist_section","modified_by","NUMBER","False","False","modified_by            NUMBER"
"tbl_checklist_section","modified_on","DATE","False","False","modified_on            DATE"
"tbl_checklist_section","record_version","NUMBER","True","True","record_version         NUMBER         DEFAULT 1 NOT NULL"
"tbl_checklist_item","severity_default_id","NUMBER","False","False","severity_default_id           NUMBER"
"tbl_checklist_item","reference_document_version_id","NUMBER","False","False","reference_document_version_id NUMBER"
"tbl_checklist_item","sort_order","NUMBER","True","True","sort_order                    NUMBER         DEFAULT 0 NOT NULL"
"tbl_checklist_item","is_mandatory","CHAR(1)","True","True","is_mandatory                  CHAR(1)        DEFAULT 'Y' NOT NULL"
"tbl_checklist_item","is_active","CHAR(1)","True","True","is_active                     CHAR(1)        DEFAULT 'Y' NOT NULL"
"tbl_checklist_item","created_by","NUMBER","False","False","created_by                    NUMBER"
"tbl_checklist_item","created_on","DATE","True","True","created_on                    DATE           DEFAULT SYSDATE NOT NULL"
"tbl_checklist_item","modified_by","NUMBER","False","False","modified_by                   NUMBER"
"tbl_checklist_item","modified_on","DATE","False","False","modified_on                   DATE"
"tbl_checklist_item","record_version","NUMBER","True","True","record_version                NUMBER         DEFAULT 1 NOT NULL"
"tbl_audit_period","audit_period_id","NUMBER","True","False","audit_period_id        NUMBER         NOT NULL"
"tbl_audit_period","period_code","VARCHAR2(30)","True","False","period_code            VARCHAR2(30)   NOT NULL"
"tbl_audit_period","period_name","VARCHAR2(150)","True","False","period_name            VARCHAR2(150)  NOT NULL"
"tbl_audit_period","start_date","DATE","True","False","start_date             DATE           NOT NULL"
"tbl_audit_period","end_date","DATE","True","False","end_date               DATE           NOT NULL"
"tbl_audit_period","period_status_id","NUMBER","True","False","period_status_id       NUMBER         NOT NULL"
"tbl_audit_period","is_current_period","CHAR(1)","True","True","is_current_period      CHAR(1)        DEFAULT 'N' NOT NULL"
"tbl_audit_period","is_active","CHAR(1)","True","True","is_active              CHAR(1)        DEFAULT 'Y' NOT NULL"
"tbl_audit_period","created_by","NUMBER","False","False","created_by             NUMBER"
"tbl_audit_period","created_on","DATE","True","True","created_on             DATE           DEFAULT SYSDATE NOT NULL"
"tbl_audit_period","modified_by","NUMBER","False","False","modified_by            NUMBER"
"tbl_audit_period","modified_on","DATE","False","False","modified_on            DATE"
"tbl_audit_period","record_version","NUMBER","True","True","record_version         NUMBER         DEFAULT 1 NOT NULL"
"tbl_role","role_id","NUMBER","True","False","role_id                NUMBER         NOT NULL"
"tbl_role","role_code","VARCHAR2(50)","True","False","role_code              VARCHAR2(50)   NOT NULL"
"tbl_role","role_name","VARCHAR2(150)","True","False","role_name              VARCHAR2(150)  NOT NULL"
"tbl_role","role_description","VARCHAR2(500)","False","False","role_description       VARCHAR2(500)"
"tbl_role","role_type_id","NUMBER","False","False","role_type_id           NUMBER"
"tbl_role","is_system_role","CHAR(1)","True","True","is_system_role         CHAR(1)        DEFAULT 'N' NOT NULL"
"tbl_role","is_active","CHAR(1)","True","True","is_active              CHAR(1)        DEFAULT 'Y' NOT NULL"
"tbl_role","created_by","NUMBER","False","False","created_by             NUMBER"
"tbl_role","created_on","DATE","True","True","created_on             DATE           DEFAULT SYSDATE NOT NULL"
"tbl_role","modified_by","NUMBER","False","False","modified_by            NUMBER"
"tbl_role","modified_on","DATE","False","False","modified_on            DATE"
"tbl_role","record_version","NUMBER","True","True","record_version         NUMBER         DEFAULT 1 NOT NULL"
"tbl_application_page","application_page_id","NUMBER","True","False","application_page_id    NUMBER         NOT NULL"
"tbl_application_page","page_code","VARCHAR2(50)","True","False","page_code              VARCHAR2(50)   NOT NULL"
"tbl_application_page","page_name","VARCHAR2(200)","True","False","page_name              VARCHAR2(200)  NOT NULL"
"tbl_application_page","route_path","VARCHAR2(500)","True","False","route_path             VARCHAR2(500)  NOT NULL"
"tbl_application_page","menu_group","VARCHAR2(150)","False","False","menu_group             VARCHAR2(150)"
"tbl_application_page","page_key","VARCHAR2(100)","False","False","page_key               VARCHAR2(100)"
"tbl_application_page","sort_order","NUMBER","True","True","sort_order             NUMBER         DEFAULT 0 NOT NULL"
"tbl_application_page","is_menu_visible","CHAR(1)","True","True","is_menu_visible        CHAR(1)        DEFAULT 'Y' NOT NULL"
"tbl_application_page","is_active","CHAR(1)","True","True","is_active              CHAR(1)        DEFAULT 'Y' NOT NULL"
"tbl_application_page","created_by","NUMBER","False","False","created_by             NUMBER"
"tbl_application_page","created_on","DATE","True","True","created_on             DATE           DEFAULT SYSDATE NOT NULL"
"tbl_application_page","modified_by","NUMBER","False","False","modified_by            NUMBER"
"tbl_application_page","modified_on","DATE","False","False","modified_on            DATE"
"tbl_application_page","record_version","NUMBER","True","True","record_version         NUMBER         DEFAULT 1 NOT NULL"
"tbl_api_endpoint","api_endpoint_id","NUMBER","True","False","api_endpoint_id        NUMBER         NOT NULL"
"tbl_api_endpoint","api_code","VARCHAR2(50)","True","False","api_code               VARCHAR2(50)   NOT NULL"
"tbl_api_endpoint","controller_name","VARCHAR2(100)","True","False","controller_name        VARCHAR2(100)  NOT NULL"
"tbl_api_endpoint","action_name","VARCHAR2(100)","True","False","action_name            VARCHAR2(100)  NOT NULL"
"tbl_api_endpoint","http_method","VARCHAR2(10)","True","False","http_method            VARCHAR2(10)   NOT NULL"
"tbl_api_endpoint","api_path","VARCHAR2(500)","True","False","api_path               VARCHAR2(500)  NOT NULL"
"tbl_api_endpoint","endpoint_description","VARCHAR2(500)","False","False","endpoint_description   VARCHAR2(500)"
"tbl_api_endpoint","is_active","CHAR(1)","True","True","is_active              CHAR(1)        DEFAULT 'Y' NOT NULL"
"tbl_api_endpoint","created_by","NUMBER","False","False","created_by             NUMBER"
"tbl_api_endpoint","created_on","DATE","True","True","created_on             DATE           DEFAULT SYSDATE NOT NULL"
"tbl_api_endpoint","modified_by","NUMBER","False","False","modified_by            NUMBER"
"tbl_api_endpoint","modified_on","DATE","False","False","modified_on            DATE"
"tbl_api_endpoint","record_version","NUMBER","True","True","record_version         NUMBER         DEFAULT 1 NOT NULL"
"tbl_permission","permission_id","NUMBER","True","False","permission_id          NUMBER         NOT NULL"
"tbl_permission","permission_code","VARCHAR2(50)","True","False","permission_code        VARCHAR2(50)   NOT NULL"
"tbl_permission","permission_name","VARCHAR2(200)","True","False","permission_name        VARCHAR2(200)  NOT NULL"
"tbl_permission","permission_type_id","NUMBER","True","False","permission_type_id     NUMBER         NOT NULL"
"tbl_permission","application_page_id","NUMBER","False","False","application_page_id    NUMBER"
"tbl_permission","api_endpoint_id","NUMBER","False","False","api_endpoint_id        NUMBER"
"tbl_permission","action_code","VARCHAR2(100)","False","False","action_code            VARCHAR2(100)"
"tbl_permission","permission_description","VARCHAR2(500)","False","False","permission_description VARCHAR2(500)"
"tbl_permission","is_active","CHAR(1)","True","True","is_active              CHAR(1)        DEFAULT 'Y' NOT NULL"
"tbl_permission","created_by","NUMBER","False","False","created_by             NUMBER"
"tbl_permission","created_on","DATE","True","True","created_on             DATE           DEFAULT SYSDATE NOT NULL"
"tbl_permission","modified_by","NUMBER","False","False","modified_by            NUMBER"
"tbl_permission","modified_on","DATE","False","False","modified_on            DATE"
"tbl_permission","record_version","NUMBER","True","True","record_version         NUMBER         DEFAULT 1 NOT NULL"
"tbl_user","user_id","NUMBER","True","False","user_id                NUMBER         NOT NULL"
"tbl_user","login_name","VARCHAR2(100)","True","False","login_name             VARCHAR2(100)  NOT NULL"
"tbl_user","pp_no","NUMBER","True","False","pp_no                  NUMBER         NOT NULL"
"tbl_user","display_name","VARCHAR2(200)","True","False","display_name           VARCHAR2(200)  NOT NULL"
"tbl_user","email_address","VARCHAR2(200)","False","False","email_address          VARCHAR2(200)"
"tbl_user","password_hash","VARCHAR2(500)","True","False","password_hash          VARCHAR2(500)  NOT NULL"
"tbl_user","password_salt","VARCHAR2(200)","False","False","password_salt          VARCHAR2(200)"
"tbl_user","designation_title","VARCHAR2(200)","False","False","designation_title      VARCHAR2(200)"
"tbl_user","home_entity_id","NUMBER","False","False","home_entity_id         NUMBER"
"tbl_user","user_status_id","NUMBER","True","False","user_status_id         NUMBER         NOT NULL"
"tbl_user","failed_login_count","NUMBER","True","True","failed_login_count     NUMBER         DEFAULT 0 NOT NULL"
"tbl_user","last_login_on","DATE","False","False","last_login_on          DATE"
"tbl_user","password_changed_on","DATE","False","False","password_changed_on    DATE"
"tbl_user","is_locked","CHAR(1)","True","True","is_locked              CHAR(1)        DEFAULT 'N' NOT NULL"
"tbl_user","is_active","CHAR(1)","True","True","is_active              CHAR(1)        DEFAULT 'Y' NOT NULL"
"tbl_user","created_by","NUMBER","False","False","created_by             NUMBER"
"tbl_user","created_on","DATE","True","True","created_on             DATE           DEFAULT SYSDATE NOT NULL"
"tbl_user","modified_by","NUMBER","False","False","modified_by            NUMBER"
"tbl_user","modified_on","DATE","False","False","modified_on            DATE"
"tbl_user","approved_by","NUMBER","False","False","approved_by            NUMBER"
"tbl_user","approved_on","DATE","False","False","approved_on            DATE"
"tbl_user","record_version","NUMBER","True","True","record_version         NUMBER         DEFAULT 1 NOT NULL"
"tbl_user_role","user_role_id","NUMBER","True","False","user_role_id           NUMBER         NOT NULL"
"tbl_user_role","user_id","NUMBER","True","False","user_id                NUMBER         NOT NULL"
"tbl_user_role","role_id","NUMBER","True","False","role_id                NUMBER         NOT NULL"
"tbl_user_role","is_primary_role","CHAR(1)","True","True","is_primary_role        CHAR(1)        DEFAULT 'N' NOT NULL"
"tbl_user_role","assigned_on","DATE","True","True","assigned_on            DATE           DEFAULT SYSDATE NOT NULL"
"tbl_user_role","expiry_on","DATE","False","False","expiry_on              DATE"
"tbl_user_role","is_active","CHAR(1)","True","True","is_active              CHAR(1)        DEFAULT 'Y' NOT NULL"
"tbl_user_role","created_by","NUMBER","False","False","created_by             NUMBER"
"tbl_user_role","created_on","DATE","True","True","created_on             DATE           DEFAULT SYSDATE NOT NULL"
"tbl_user_role","modified_by","NUMBER","False","False","modified_by            NUMBER"
"tbl_user_role","modified_on","DATE","False","False","modified_on            DATE"
"tbl_user_role","record_version","NUMBER","True","True","record_version         NUMBER         DEFAULT 1 NOT NULL"
"tbl_role_permission","role_permission_id","NUMBER","True","False","role_permission_id     NUMBER         NOT NULL"
"tbl_role_permission","role_id","NUMBER","True","False","role_id                NUMBER         NOT NULL"
"tbl_role_permission","permission_id","NUMBER","True","False","permission_id          NUMBER         NOT NULL"
"tbl_role_permission","is_active","CHAR(1)","True","True","is_active              CHAR(1)        DEFAULT 'Y' NOT NULL"
"tbl_role_permission","created_by","NUMBER","False","False","created_by             NUMBER"
"tbl_role_permission","created_on","DATE","True","True","created_on             DATE           DEFAULT SYSDATE NOT NULL"
"tbl_role_permission","modified_by","NUMBER","False","False","modified_by            NUMBER"
"tbl_role_permission","modified_on","DATE","False","False","modified_on            DATE"
"tbl_role_permission","record_version","NUMBER","True","True","record_version         NUMBER         DEFAULT 1 NOT NULL"
"tbl_user_scope","user_scope_id","NUMBER","True","False","user_scope_id          NUMBER         NOT NULL"
"tbl_user_scope","user_id","NUMBER","True","False","user_id                NUMBER         NOT NULL"
"tbl_user_scope","scope_type_id","NUMBER","True","False","scope_type_id          NUMBER         NOT NULL"
"tbl_user_scope","entity_id","NUMBER","True","False","entity_id              NUMBER         NOT NULL"
"tbl_user_scope","scope_status_id","NUMBER","False","False","scope_status_id        NUMBER"
"tbl_user_scope","is_active","CHAR(1)","True","True","is_active              CHAR(1)        DEFAULT 'Y' NOT NULL"
"tbl_user_scope","created_by","NUMBER","False","False","created_by             NUMBER"
"tbl_user_scope","created_on","DATE","True","True","created_on             DATE           DEFAULT SYSDATE NOT NULL"
"tbl_user_scope","modified_by","NUMBER","False","False","modified_by            NUMBER"
"tbl_user_scope","modified_on","DATE","False","False","modified_on            DATE"
"tbl_user_scope","record_version","NUMBER","True","True","record_version         NUMBER         DEFAULT 1 NOT NULL"
"tbl_user_session","user_session_id","NUMBER","True","False","user_session_id        NUMBER         NOT NULL"
"tbl_user_session","user_id","NUMBER","True","False","user_id                NUMBER         NOT NULL"
"tbl_user_session","session_token","VARCHAR2(500)","True","False","session_token          VARCHAR2(500)  NOT NULL"
"tbl_user_session","login_ip_address","VARCHAR2(100)","False","False","login_ip_address       VARCHAR2(100)"
"tbl_user_session","login_user_agent","VARCHAR2(1000)","False","False","login_user_agent       VARCHAR2(1000)"
"tbl_user_session","login_on","DATE","True","True","login_on               DATE           DEFAULT SYSDATE NOT NULL"
"tbl_user_session","logout_on","DATE","False","False","logout_on              DATE"
"tbl_user_session","session_status_id","NUMBER","True","False","session_status_id      NUMBER         NOT NULL"
"tbl_user_session","is_active","CHAR(1)","True","True","is_active              CHAR(1)        DEFAULT 'Y' NOT NULL"
"tbl_user_session","created_by","NUMBER","False","False","created_by             NUMBER"
"tbl_user_session","created_on","DATE","True","True","created_on             DATE           DEFAULT SYSDATE NOT NULL"
"tbl_user_session","modified_by","NUMBER","False","False","modified_by            NUMBER"
"tbl_user_session","modified_on","DATE","False","False","modified_on            DATE"
"tbl_user_session","record_version","NUMBER","True","True","record_version         NUMBER         DEFAULT 1 NOT NULL"
"tbl_plan_criteria","plan_criteria_id","NUMBER","True","False","plan_criteria_id       NUMBER         NOT NULL"
"tbl_plan_criteria","audit_period_id","NUMBER","True","False","audit_period_id        NUMBER         NOT NULL"
"tbl_plan_criteria","entity_type_id","NUMBER","True","False","entity_type_id         NUMBER         NOT NULL"
"tbl_plan_criteria","risk_rating_id","NUMBER","False","False","risk_rating_id         NUMBER"
"tbl_plan_criteria","size_band_id","NUMBER","False","False","size_band_id           NUMBER"
"tbl_plan_criteria","frequency_id","NUMBER","False","False","frequency_id           NUMBER"
"tbl_plan_criteria","duration_days","NUMBER","True","False","duration_days          NUMBER         NOT NULL"
"tbl_plan_criteria","visit_count","NUMBER","True","True","visit_count            NUMBER         DEFAULT 1 NOT NULL"
"tbl_plan_criteria","criteria_status_id","NUMBER","True","False","criteria_status_id     NUMBER         NOT NULL"
"tbl_plan_criteria","criteria_notes","VARCHAR2(1000)","False","False","criteria_notes         VARCHAR2(1000)"
"tbl_plan_criteria","approved_by","NUMBER","False","False","approved_by            NUMBER"
"tbl_plan_criteria","approved_on","DATE","False","False","approved_on            DATE"
"tbl_plan_criteria","is_active","CHAR(1)","True","True","is_active              CHAR(1)        DEFAULT 'Y' NOT NULL"
"tbl_plan_criteria","created_by","NUMBER","False","False","created_by             NUMBER"
"tbl_plan_criteria","created_on","DATE","True","True","created_on             DATE           DEFAULT SYSDATE NOT NULL"
"tbl_plan_criteria","modified_by","NUMBER","False","False","modified_by            NUMBER"
"tbl_plan_criteria","modified_on","DATE","False","False","modified_on            DATE"
"tbl_plan_criteria","record_version","NUMBER","True","True","record_version         NUMBER         DEFAULT 1 NOT NULL"
"tbl_engagement","engagement_id","NUMBER","True","False","engagement_id          NUMBER         NOT NULL"
"tbl_engagement","engagement_no","VARCHAR2(50)","True","False","engagement_no          VARCHAR2(50)   NOT NULL"
"tbl_engagement","audit_period_id","NUMBER","True","False","audit_period_id        NUMBER         NOT NULL"
"tbl_engagement","plan_criteria_id","NUMBER","False","False","plan_criteria_id       NUMBER"
"tbl_engagement","entity_id","NUMBER","True","False","entity_id              NUMBER         NOT NULL"
"tbl_engagement","engagement_type_id","NUMBER","False","False","engagement_type_id     NUMBER"
"tbl_engagement","team_name","VARCHAR2(150)","True","False","team_name              VARCHAR2(150)  NOT NULL"
"tbl_engagement","scope_summary","VARCHAR2(1000)","False","False","scope_summary          VARCHAR2(1000)"
"tbl_engagement","audit_start_on","DATE","True","False","audit_start_on         DATE           NOT NULL"
"tbl_engagement","audit_end_on","DATE","True","False","audit_end_on           DATE           NOT NULL"
"tbl_engagement","field_start_on","DATE","False","False","field_start_on         DATE"
"tbl_engagement","field_end_on","DATE","False","False","field_end_on           DATE"
"tbl_engagement","travel_days","NUMBER","True","True","travel_days            NUMBER         DEFAULT 0 NOT NULL"
"tbl_engagement","discussion_days","NUMBER","True","True","discussion_days        NUMBER         DEFAULT 0 NOT NULL"
"tbl_engagement","engagement_status_id","NUMBER","True","False","engagement_status_id   NUMBER         NOT NULL"
"tbl_engagement","approved_by","NUMBER","False","False","approved_by            NUMBER"
"tbl_engagement","approved_on","DATE","False","False","approved_on            DATE"
"tbl_engagement","is_active","CHAR(1)","True","True","is_active              CHAR(1)        DEFAULT 'Y' NOT NULL"
"tbl_engagement","created_by","NUMBER","False","False","created_by             NUMBER"
"tbl_engagement","created_on","DATE","True","True","created_on             DATE           DEFAULT SYSDATE NOT NULL"
"tbl_engagement","modified_by","NUMBER","False","False","modified_by            NUMBER"
"tbl_engagement","modified_on","DATE","False","False","modified_on            DATE"
"tbl_engagement","record_version","NUMBER","True","True","record_version         NUMBER         DEFAULT 1 NOT NULL"
"tbl_engagement_member","engagement_member_id","NUMBER","True","False","engagement_member_id   NUMBER         NOT NULL"
"tbl_engagement_member","engagement_id","NUMBER","True","False","engagement_id          NUMBER         NOT NULL"
"tbl_engagement_member","user_id","NUMBER","True","False","user_id                NUMBER         NOT NULL"
"tbl_engagement_member","member_role_id","NUMBER","True","False","member_role_id         NUMBER         NOT NULL"
"tbl_engagement_member","member_sequence_no","NUMBER","True","True","member_sequence_no     NUMBER         DEFAULT 0 NOT NULL"
"tbl_engagement_member","is_team_lead","CHAR(1)","True","True","is_team_lead           CHAR(1)        DEFAULT 'N' NOT NULL"
"tbl_engagement_member","assigned_on","DATE","True","True","assigned_on            DATE           DEFAULT SYSDATE NOT NULL"
"tbl_engagement_member","released_on","DATE","False","False","released_on            DATE"
"tbl_engagement_member","is_active","CHAR(1)","True","True","is_active              CHAR(1)        DEFAULT 'Y' NOT NULL"
"tbl_engagement_member","created_by","NUMBER","False","False","created_by             NUMBER"
"tbl_engagement_member","created_on","DATE","True","True","created_on             DATE           DEFAULT SYSDATE NOT NULL"
"tbl_engagement_member","modified_by","NUMBER","False","False","modified_by            NUMBER"
"tbl_engagement_member","modified_on","DATE","False","False","modified_on            DATE"
"tbl_engagement_member","record_version","NUMBER","True","True","record_version         NUMBER         DEFAULT 1 NOT NULL"
"tbl_engagement_task","engagement_task_id","NUMBER","True","False","engagement_task_id     NUMBER         NOT NULL"
"tbl_engagement_task","engagement_id","NUMBER","True","False","engagement_id          NUMBER         NOT NULL"
"tbl_engagement_task","engagement_member_id","NUMBER","False","False","engagement_member_id   NUMBER"
"tbl_engagement_task","task_code","VARCHAR2(50)","False","False","task_code              VARCHAR2(50)"
"tbl_engagement_task","task_name","VARCHAR2(200)","True","False","task_name              VARCHAR2(200)  NOT NULL"
"tbl_engagement_task","task_type_id","NUMBER","False","False","task_type_id           NUMBER"
"tbl_engagement_task","task_sequence_no","NUMBER","True","True","task_sequence_no       NUMBER         DEFAULT 0 NOT NULL"
"tbl_engagement_task","task_status_id","NUMBER","True","False","task_status_id         NUMBER         NOT NULL"
"tbl_engagement_task","planned_start_on","DATE","False","False","planned_start_on       DATE"
"tbl_engagement_task","planned_end_on","DATE","False","False","planned_end_on         DATE"
"tbl_engagement_task","completed_on","DATE","False","False","completed_on           DATE"
"tbl_engagement_task","remarks","VARCHAR2(1000)","False","False","remarks                VARCHAR2(1000)"
"tbl_engagement_task","is_active","CHAR(1)","True","True","is_active              CHAR(1)        DEFAULT 'Y' NOT NULL"
"tbl_engagement_task","created_by","NUMBER","False","False","created_by             NUMBER"
"tbl_engagement_task","created_on","DATE","True","True","created_on             DATE           DEFAULT SYSDATE NOT NULL"
"tbl_engagement_task","modified_by","NUMBER","False","False","modified_by            NUMBER"
"tbl_engagement_task","modified_on","DATE","False","False","modified_on            DATE"
"tbl_engagement_task","record_version","NUMBER","True","True","record_version         NUMBER         DEFAULT 1 NOT NULL"
"tbl_engagement_checklist","engagement_checklist_id","NUMBER","True","False","engagement_checklist_id NUMBER        NOT NULL"
"tbl_engagement_checklist","engagement_id","NUMBER","True","False","engagement_id           NUMBER        NOT NULL"
"tbl_engagement_checklist","assigned_member_id","NUMBER","False","False","assigned_member_id      NUMBER"
"tbl_engagement_checklist","remarks","VARCHAR2(1000)","False","False","remarks                 VARCHAR2(1000)"
"tbl_engagement_checklist","is_active","CHAR(1)","True","True","is_active               CHAR(1)       DEFAULT 'Y' NOT NULL"
"tbl_engagement_checklist","created_by","NUMBER","False","False","created_by              NUMBER"
"tbl_engagement_checklist","created_on","DATE","True","True","created_on              DATE          DEFAULT SYSDATE NOT NULL"
"tbl_engagement_checklist","modified_by","NUMBER","False","False","modified_by             NUMBER"
"tbl_engagement_checklist","modified_on","DATE","False","False","modified_on             DATE"
"tbl_engagement_checklist","record_version","NUMBER","True","True","record_version          NUMBER        DEFAULT 1 NOT NULL"
"tbl_observation","observation_id","NUMBER","True","False","observation_id         NUMBER         NOT NULL"
"tbl_observation","observation_no","VARCHAR2(50)","True","False","observation_no         VARCHAR2(50)   NOT NULL"
"tbl_observation","engagement_id","NUMBER","True","False","engagement_id          NUMBER         NOT NULL"
"tbl_observation","entity_id","NUMBER","True","False","entity_id              NUMBER         NOT NULL"
"tbl_observation","observation_status_id","NUMBER","True","False","observation_status_id  NUMBER         NOT NULL"
"tbl_observation","severity_id","NUMBER","True","False","severity_id            NUMBER         NOT NULL"
"tbl_observation","risk_rating_id","NUMBER","False","False","risk_rating_id         NUMBER"
"tbl_observation","amount_involved","NUMBER","False","False","amount_involved        NUMBER"
"tbl_observation","instance_count","NUMBER","True","True","instance_count         NUMBER         DEFAULT 0 NOT NULL"
"tbl_observation","draft_para_no","VARCHAR2(50)","False","False","draft_para_no          VARCHAR2(50)"
"tbl_observation","final_para_no","VARCHAR2(50)","False","False","final_para_no          VARCHAR2(50)"
"tbl_observation","memo_no","VARCHAR2(100)","False","False","memo_no                VARCHAR2(100)"
"tbl_observation","memo_date","DATE","False","False","memo_date              DATE"
"tbl_observation","settled_on","DATE","False","False","settled_on             DATE"
"tbl_observation","settled_by","NUMBER","False","False","settled_by             NUMBER"
"tbl_observation","approved_by","NUMBER","False","False","approved_by            NUMBER"
"tbl_observation","approved_on","DATE","False","False","approved_on            DATE"
"tbl_observation","is_active","CHAR(1)","True","True","is_active              CHAR(1)        DEFAULT 'Y' NOT NULL"
"tbl_observation","created_by","NUMBER","False","False","created_by             NUMBER"
"tbl_observation","created_on","DATE","True","True","created_on             DATE           DEFAULT SYSDATE NOT NULL"
"tbl_observation","modified_by","NUMBER","False","False","modified_by            NUMBER"
"tbl_observation","modified_on","DATE","False","False","modified_on            DATE"
"tbl_observation","record_version","NUMBER","True","True","record_version         NUMBER         DEFAULT 1 NOT NULL"
"tbl_observation_detail","observation_detail_id","NUMBER","True","False","observation_detail_id  NUMBER         NOT NULL"
"tbl_observation_detail","observation_id","NUMBER","True","False","observation_id         NUMBER         NOT NULL"
"tbl_observation_detail","detail_type_id","NUMBER","True","False","detail_type_id         NUMBER         NOT NULL"
"tbl_observation_detail","heading_text","VARCHAR2(500)","False","False","heading_text           VARCHAR2(500)"
"tbl_observation_detail","detail_text","CLOB","False","False","detail_text            CLOB"
"tbl_observation_detail","remarks","VARCHAR2(1000)","False","False","remarks                VARCHAR2(1000)"
"tbl_observation_detail","sequence_no","NUMBER","True","True","sequence_no            NUMBER         DEFAULT 0 NOT NULL"
"tbl_observation_detail","is_active","CHAR(1)","True","True","is_active              CHAR(1)        DEFAULT 'Y' NOT NULL"
"tbl_observation_detail","created_by","NUMBER","False","False","created_by             NUMBER"
"tbl_observation_detail","created_on","DATE","True","True","created_on             DATE           DEFAULT SYSDATE NOT NULL"
"tbl_observation_detail","modified_by","NUMBER","False","False","modified_by            NUMBER"
"tbl_observation_detail","modified_on","DATE","False","False","modified_on            DATE"
"tbl_observation_detail","record_version","NUMBER","True","True","record_version         NUMBER         DEFAULT 1 NOT NULL"
"tbl_observation_assignment","observation_assignment_id","NUMBER","True","False","observation_assignment_id NUMBER      NOT NULL"
"tbl_observation_assignment","observation_id","NUMBER","True","False","observation_id            NUMBER      NOT NULL"
"tbl_observation_assignment","assignee_user_id","NUMBER","True","False","assignee_user_id          NUMBER      NOT NULL"
"tbl_observation_assignment","assignment_role_id","NUMBER","False","False","assignment_role_id        NUMBER"
"tbl_observation_assignment","assignment_status_id","NUMBER","True","False","assignment_status_id      NUMBER      NOT NULL"
"tbl_observation_assignment","assigned_by","NUMBER","False","False","assigned_by               NUMBER"
"tbl_observation_assignment","assigned_on","DATE","True","True","assigned_on               DATE        DEFAULT SYSDATE NOT NULL"
"tbl_observation_assignment","due_on","DATE","False","False","due_on                    DATE"
"tbl_observation_assignment","remarks","VARCHAR2(1000)","False","False","remarks                   VARCHAR2(1000)"
"tbl_observation_assignment","is_primary_assignment","CHAR(1)","True","True","is_primary_assignment     CHAR(1)     DEFAULT 'N' NOT NULL"
"tbl_observation_assignment","is_active","CHAR(1)","True","True","is_active                 CHAR(1)     DEFAULT 'Y' NOT NULL"
"tbl_observation_assignment","created_by","NUMBER","False","False","created_by                NUMBER"
"tbl_observation_assignment","created_on","DATE","True","True","created_on                DATE        DEFAULT SYSDATE NOT NULL"
"tbl_observation_assignment","modified_by","NUMBER","False","False","modified_by               NUMBER"
"tbl_observation_assignment","modified_on","DATE","False","False","modified_on               DATE"
"tbl_observation_assignment","record_version","NUMBER","True","True","record_version            NUMBER      DEFAULT 1 NOT NULL"
"tbl_observation_response","observation_response_id","NUMBER","True","False","observation_response_id NUMBER        NOT NULL"
"tbl_observation_response","observation_id","NUMBER","True","False","observation_id          NUMBER        NOT NULL"
"tbl_observation_response","response_stage_id","NUMBER","True","False","response_stage_id       NUMBER        NOT NULL"
"tbl_observation_response","respondent_user_id","NUMBER","False","False","respondent_user_id      NUMBER"
"tbl_observation_response","response_status_id","NUMBER","True","False","response_status_id      NUMBER        NOT NULL"
"tbl_observation_response","response_text","CLOB","True","False","response_text           CLOB          NOT NULL"
"tbl_observation_response","remarks","VARCHAR2(1000)","False","False","remarks                 VARCHAR2(1000)"
"tbl_observation_response","responded_on","DATE","True","True","responded_on            DATE          DEFAULT SYSDATE NOT NULL"
"tbl_observation_response","submitted_flag","CHAR(1)","True","True","submitted_flag          CHAR(1)       DEFAULT 'N' NOT NULL"
"tbl_observation_response","is_active","CHAR(1)","True","True","is_active               CHAR(1)       DEFAULT 'Y' NOT NULL"
"tbl_observation_response","created_by","NUMBER","False","False","created_by              NUMBER"
"tbl_observation_response","created_on","DATE","True","True","created_on              DATE          DEFAULT SYSDATE NOT NULL"
"tbl_observation_response","modified_by","NUMBER","False","False","modified_by             NUMBER"
"tbl_observation_response","modified_on","DATE","False","False","modified_on             DATE"
"tbl_observation_response","record_version","NUMBER","True","True","record_version          NUMBER        DEFAULT 1 NOT NULL"
"tbl_observation_recommendation","observation_recommendation_id","NUMBER","True","False","observation_recommendation_id NUMBER   NOT NULL"
"tbl_observation_recommendation","observation_id","NUMBER","True","False","observation_id               NUMBER    NOT NULL"
"tbl_observation_recommendation","recommendation_type_id","NUMBER","True","False","recommendation_type_id       NUMBER    NOT NULL"
"tbl_observation_recommendation","recommendation_text","CLOB","True","False","recommendation_text          CLOB      NOT NULL"
"tbl_observation_recommendation","recommendation_status_id","NUMBER","False","False","recommendation_status_id     NUMBER"
"tbl_observation_recommendation","issued_by","NUMBER","False","False","issued_by                    NUMBER"
"tbl_observation_recommendation","issued_on","DATE","True","True","issued_on                    DATE      DEFAULT SYSDATE NOT NULL"
"tbl_observation_recommendation","is_final_recommendation","CHAR(1)","True","True","is_final_recommendation      CHAR(1)   DEFAULT 'N' NOT NULL"
"tbl_observation_recommendation","is_active","CHAR(1)","True","True","is_active                    CHAR(1)   DEFAULT 'Y' NOT NULL"
"tbl_observation_recommendation","created_by","NUMBER","False","False","created_by                   NUMBER"
"tbl_observation_recommendation","created_on","DATE","True","True","created_on                   DATE      DEFAULT SYSDATE NOT NULL"
"tbl_observation_recommendation","modified_by","NUMBER","False","False","modified_by                  NUMBER"
"tbl_observation_recommendation","modified_on","DATE","False","False","modified_on                  DATE"
"tbl_observation_recommendation","record_version","NUMBER","True","True","record_version               NUMBER    DEFAULT 1 NOT NULL"
"tbl_observation_reference","observation_reference_id","NUMBER","True","False","observation_reference_id      NUMBER    NOT NULL"
"tbl_observation_reference","observation_id","NUMBER","True","False","observation_id                NUMBER    NOT NULL"
"tbl_observation_reference","reference_document_version_id","NUMBER","True","False","reference_document_version_id NUMBER    NOT NULL"
"tbl_observation_reference","reference_type_id","NUMBER","False","False","reference_type_id             NUMBER"
"tbl_observation_reference","reference_notes","VARCHAR2(1000)","False","False","reference_notes               VARCHAR2(1000)"
"tbl_observation_reference","is_primary_reference","CHAR(1)","True","True","is_primary_reference          CHAR(1)   DEFAULT 'N' NOT NULL"
"tbl_observation_reference","is_active","CHAR(1)","True","True","is_active                     CHAR(1)   DEFAULT 'Y' NOT NULL"
"tbl_observation_reference","created_by","NUMBER","False","False","created_by                    NUMBER"
"tbl_observation_reference","created_on","DATE","True","True","created_on                    DATE      DEFAULT SYSDATE NOT NULL"
"tbl_observation_reference","modified_by","NUMBER","False","False","modified_by                   NUMBER"
"tbl_observation_reference","modified_on","DATE","False","False","modified_on                   DATE"
"tbl_observation_reference","record_version","NUMBER","True","True","record_version                NUMBER    DEFAULT 1 NOT NULL"
"tbl_compliance_case","compliance_case_id","NUMBER","True","False","compliance_case_id      NUMBER         NOT NULL"
"tbl_compliance_case","observation_id","NUMBER","True","False","observation_id          NUMBER         NOT NULL"
"tbl_compliance_case","compliance_cycle_no","NUMBER","True","True","compliance_cycle_no     NUMBER         DEFAULT 1 NOT NULL"
"tbl_compliance_case","compliance_status_id","NUMBER","True","False","compliance_status_id    NUMBER         NOT NULL"
"tbl_compliance_case","compliance_stage_id","NUMBER","True","False","compliance_stage_id     NUMBER         NOT NULL"
"tbl_compliance_case","responsible_entity_id","NUMBER","False","False","responsible_entity_id   NUMBER"
"tbl_compliance_case","opened_on","DATE","True","True","opened_on               DATE           DEFAULT SYSDATE NOT NULL"
"tbl_compliance_case","closed_on","DATE","False","False","closed_on               DATE"
"tbl_compliance_case","closure_reason","VARCHAR2(1000)","False","False","closure_reason          VARCHAR2(1000)"
"tbl_compliance_case","approved_by","NUMBER","False","False","approved_by             NUMBER"
"tbl_compliance_case","approved_on","DATE","False","False","approved_on             DATE"
"tbl_compliance_case","is_active","CHAR(1)","True","True","is_active               CHAR(1)        DEFAULT 'Y' NOT NULL"
"tbl_compliance_case","created_by","NUMBER","False","False","created_by              NUMBER"
"tbl_compliance_case","created_on","DATE","True","True","created_on              DATE           DEFAULT SYSDATE NOT NULL"
"tbl_compliance_case","modified_by","NUMBER","False","False","modified_by             NUMBER"
"tbl_compliance_case","modified_on","DATE","False","False","modified_on             DATE"
"tbl_compliance_case","record_version","NUMBER","True","True","record_version          NUMBER         DEFAULT 1 NOT NULL"
"tbl_compliance_action","compliance_action_id","NUMBER","True","False","compliance_action_id    NUMBER         NOT NULL"
"tbl_compliance_action","compliance_case_id","NUMBER","True","False","compliance_case_id      NUMBER         NOT NULL"
"tbl_compliance_action","action_type_id","NUMBER","True","False","action_type_id          NUMBER         NOT NULL"
"tbl_compliance_action","action_status_id","NUMBER","True","False","action_status_id        NUMBER         NOT NULL"
"tbl_compliance_action","action_owner_user_id","NUMBER","False","False","action_owner_user_id    NUMBER"
"tbl_compliance_action","action_text","CLOB","True","False","action_text             CLOB           NOT NULL"
"tbl_compliance_action","target_date","DATE","False","False","target_date             DATE"
"tbl_compliance_action","completed_on","DATE","False","False","completed_on            DATE"
"tbl_compliance_action","remarks","VARCHAR2(1000)","False","False","remarks                 VARCHAR2(1000)"
"tbl_compliance_action","is_active","CHAR(1)","True","True","is_active               CHAR(1)        DEFAULT 'Y' NOT NULL"
"tbl_compliance_action","created_by","NUMBER","False","False","created_by              NUMBER"
"tbl_compliance_action","created_on","DATE","True","True","created_on              DATE           DEFAULT SYSDATE NOT NULL"
"tbl_compliance_action","modified_by","NUMBER","False","False","modified_by             NUMBER"
"tbl_compliance_action","modified_on","DATE","False","False","modified_on             DATE"
"tbl_compliance_action","record_version","NUMBER","True","True","record_version          NUMBER         DEFAULT 1 NOT NULL"
"tbl_compliance_review","compliance_review_id","NUMBER","True","False","compliance_review_id    NUMBER         NOT NULL"
"tbl_compliance_review","compliance_case_id","NUMBER","True","False","compliance_case_id      NUMBER         NOT NULL"
"tbl_compliance_review","review_stage_id","NUMBER","True","False","review_stage_id         NUMBER         NOT NULL"
"tbl_compliance_review","review_status_id","NUMBER","True","False","review_status_id        NUMBER         NOT NULL"
"tbl_compliance_review","reviewer_user_id","NUMBER","False","False","reviewer_user_id        NUMBER"
"tbl_compliance_review","review_text","CLOB","False","False","review_text             CLOB"
"tbl_compliance_review","review_on","DATE","True","True","review_on               DATE           DEFAULT SYSDATE NOT NULL"
"tbl_compliance_review","is_active","CHAR(1)","True","True","is_active               CHAR(1)        DEFAULT 'Y' NOT NULL"
"tbl_compliance_review","created_by","NUMBER","False","False","created_by              NUMBER"
"tbl_compliance_review","created_on","DATE","True","True","created_on              DATE           DEFAULT SYSDATE NOT NULL"
"tbl_compliance_review","modified_by","NUMBER","False","False","modified_by             NUMBER"
"tbl_compliance_review","modified_on","DATE","False","False","modified_on             DATE"
"tbl_compliance_review","record_version","NUMBER","True","True","record_version          NUMBER         DEFAULT 1 NOT NULL"
"tbl_iid_case","iid_case_id","NUMBER","True","False","iid_case_id             NUMBER         NOT NULL"
"tbl_iid_case","case_no","VARCHAR2(50)","True","False","case_no                 VARCHAR2(50)   NOT NULL"
"tbl_iid_case","intake_channel_id","NUMBER","True","False","intake_channel_id       NUMBER         NOT NULL"
"tbl_iid_case","complaint_source_id","NUMBER","False","False","complaint_source_id     NUMBER"
"tbl_iid_case","complaint_type_id","NUMBER","False","False","complaint_type_id       NUMBER"
"tbl_iid_case","priority_id","NUMBER","False","False","priority_id             NUMBER"
"tbl_iid_case","case_status_id","NUMBER","True","False","case_status_id          NUMBER         NOT NULL"
"tbl_iid_case","assigned_entity_id","NUMBER","False","False","assigned_entity_id      NUMBER"
"tbl_iid_case","case_summary","VARCHAR2(1000)","False","False","case_summary            VARCHAR2(1000)"
"tbl_iid_case","submitted_on","DATE","True","True","submitted_on            DATE           DEFAULT SYSDATE NOT NULL"
"tbl_iid_case","submitted_by","NUMBER","False","False","submitted_by            NUMBER"
"tbl_iid_case","finalized_on","DATE","False","False","finalized_on            DATE"
"tbl_iid_case","approved_by","NUMBER","False","False","approved_by             NUMBER"
"tbl_iid_case","approved_on","DATE","False","False","approved_on             DATE"
"tbl_iid_case","is_active","CHAR(1)","True","True","is_active               CHAR(1)        DEFAULT 'Y' NOT NULL"
"tbl_iid_case","created_by","NUMBER","False","False","created_by              NUMBER"
"tbl_iid_case","created_on","DATE","True","True","created_on              DATE           DEFAULT SYSDATE NOT NULL"
"tbl_iid_case","modified_by","NUMBER","False","False","modified_by             NUMBER"
"tbl_iid_case","modified_on","DATE","False","False","modified_on             DATE"
"tbl_iid_case","record_version","NUMBER","True","True","record_version          NUMBER         DEFAULT 1 NOT NULL"
"tbl_iid_complainant","iid_complainant_id","NUMBER","True","False","iid_complainant_id      NUMBER         NOT NULL"
"tbl_iid_complainant","iid_case_id","NUMBER","True","False","iid_case_id             NUMBER         NOT NULL"
"tbl_iid_complainant","complainant_name","VARCHAR2(200)","True","False","complainant_name        VARCHAR2(200)  NOT NULL"
"tbl_iid_complainant","cnic_no","VARCHAR2(30)","False","False","cnic_no                 VARCHAR2(30)"
"tbl_iid_complainant","contact_no","VARCHAR2(50)","False","False","contact_no              VARCHAR2(50)"
"tbl_iid_complainant","email_address","VARCHAR2(200)","False","False","email_address           VARCHAR2(200)"
"tbl_iid_complainant","mailing_address","VARCHAR2(500)","False","False","mailing_address         VARCHAR2(500)"
"tbl_iid_complainant","gender_id","NUMBER","False","False","gender_id               NUMBER"
"tbl_iid_complainant","is_primary_complainant","CHAR(1)","True","True","is_primary_complainant  CHAR(1)        DEFAULT 'N' NOT NULL"
"tbl_iid_complainant","is_active","CHAR(1)","True","True","is_active               CHAR(1)        DEFAULT 'Y' NOT NULL"
"tbl_iid_complainant","created_by","NUMBER","False","False","created_by              NUMBER"
"tbl_iid_complainant","created_on","DATE","True","True","created_on              DATE           DEFAULT SYSDATE NOT NULL"
"tbl_iid_complainant","modified_by","NUMBER","False","False","modified_by             NUMBER"
"tbl_iid_complainant","modified_on","DATE","False","False","modified_on             DATE"
"tbl_iid_complainant","record_version","NUMBER","True","True","record_version          NUMBER         DEFAULT 1 NOT NULL"
"tbl_iid_subject","iid_subject_id","NUMBER","True","False","iid_subject_id          NUMBER         NOT NULL"
"tbl_iid_subject","iid_case_id","NUMBER","True","False","iid_case_id             NUMBER         NOT NULL"
"tbl_iid_subject","subject_type_id","NUMBER","True","False","subject_type_id         NUMBER         NOT NULL"
"tbl_iid_subject","subject_name","VARCHAR2(200)","True","False","subject_name            VARCHAR2(200)  NOT NULL"
"tbl_iid_subject","subject_pp_no","NUMBER","False","False","subject_pp_no           NUMBER"
"tbl_iid_subject","subject_entity_id","NUMBER","False","False","subject_entity_id       NUMBER"
"tbl_iid_subject","allegation_summary","VARCHAR2(1000)","False","False","allegation_summary      VARCHAR2(1000)"
"tbl_iid_subject","is_primary_subject","CHAR(1)","True","True","is_primary_subject      CHAR(1)        DEFAULT 'N' NOT NULL"
"tbl_iid_subject","is_active","CHAR(1)","True","True","is_active               CHAR(1)        DEFAULT 'Y' NOT NULL"
"tbl_iid_subject","created_by","NUMBER","False","False","created_by              NUMBER"
"tbl_iid_subject","created_on","DATE","True","True","created_on              DATE           DEFAULT SYSDATE NOT NULL"
"tbl_iid_subject","modified_by","NUMBER","False","False","modified_by             NUMBER"
"tbl_iid_subject","modified_on","DATE","False","False","modified_on             DATE"
"tbl_iid_subject","record_version","NUMBER","True","True","record_version          NUMBER         DEFAULT 1 NOT NULL"
"tbl_iid_investigation_plan","iid_investigation_plan_id","NUMBER","True","False","iid_investigation_plan_id NUMBER      NOT NULL"
"tbl_iid_investigation_plan","iid_case_id","NUMBER","True","False","iid_case_id               NUMBER      NOT NULL"
"tbl_iid_investigation_plan","plan_title","VARCHAR2(200)","True","False","plan_title                VARCHAR2(200) NOT NULL"
"tbl_iid_investigation_plan","plan_details","CLOB","False","False","plan_details              CLOB"
"tbl_iid_investigation_plan","risk_level_id","NUMBER","False","False","risk_level_id             NUMBER"
"tbl_iid_investigation_plan","size_band_id","NUMBER","False","False","size_band_id              NUMBER"
"tbl_iid_investigation_plan","plan_status_id","NUMBER","True","False","plan_status_id            NUMBER      NOT NULL"
"tbl_iid_investigation_plan","start_date","DATE","False","False","start_date                DATE"
"tbl_iid_investigation_plan","end_date","DATE","False","False","end_date                  DATE"
"tbl_iid_investigation_plan","duration_days","NUMBER","False","False","duration_days             NUMBER"
"tbl_iid_investigation_plan","approved_by","NUMBER","False","False","approved_by               NUMBER"
"tbl_iid_investigation_plan","approved_on","DATE","False","False","approved_on               DATE"
"tbl_iid_investigation_plan","is_active","CHAR(1)","True","True","is_active                 CHAR(1)     DEFAULT 'Y' NOT NULL"
"tbl_iid_investigation_plan","created_by","NUMBER","False","False","created_by                NUMBER"
"tbl_iid_investigation_plan","created_on","DATE","True","True","created_on                DATE        DEFAULT SYSDATE NOT NULL"
"tbl_iid_investigation_plan","modified_by","NUMBER","False","False","modified_by               NUMBER"
"tbl_iid_investigation_plan","modified_on","DATE","False","False","modified_on               DATE"
"tbl_iid_investigation_plan","record_version","NUMBER","True","True","record_version            NUMBER      DEFAULT 1 NOT NULL"
"tbl_iid_plan_activity","iid_plan_activity_id","NUMBER","True","False","iid_plan_activity_id     NUMBER         NOT NULL"
"tbl_iid_plan_activity","iid_investigation_plan_id","NUMBER","True","False","iid_investigation_plan_id NUMBER        NOT NULL"
"tbl_iid_plan_activity","activity_name","VARCHAR2(200)","True","False","activity_name            VARCHAR2(200)  NOT NULL"
"tbl_iid_plan_activity","activity_sequence_no","NUMBER","True","True","activity_sequence_no     NUMBER         DEFAULT 0 NOT NULL"
"tbl_iid_plan_activity","activity_owner_user_id","NUMBER","False","False","activity_owner_user_id   NUMBER"
"tbl_iid_plan_activity","activity_status_id","NUMBER","True","False","activity_status_id       NUMBER         NOT NULL"
"tbl_iid_plan_activity","planned_on","DATE","False","False","planned_on               DATE"
"tbl_iid_plan_activity","due_on","DATE","False","False","due_on                   DATE"
"tbl_iid_plan_activity","completed_on","DATE","False","False","completed_on             DATE"
"tbl_iid_plan_activity","remarks","VARCHAR2(1000)","False","False","remarks                  VARCHAR2(1000)"
"tbl_iid_plan_activity","is_active","CHAR(1)","True","True","is_active                CHAR(1)        DEFAULT 'Y' NOT NULL"
"tbl_iid_plan_activity","created_by","NUMBER","False","False","created_by               NUMBER"
"tbl_iid_plan_activity","created_on","DATE","True","True","created_on               DATE           DEFAULT SYSDATE NOT NULL"
"tbl_iid_plan_activity","modified_by","NUMBER","False","False","modified_by              NUMBER"
"tbl_iid_plan_activity","modified_on","DATE","False","False","modified_on              DATE"
"tbl_iid_plan_activity","record_version","NUMBER","True","True","record_version           NUMBER         DEFAULT 1 NOT NULL"
"tbl_iid_evidence","iid_evidence_id","NUMBER","True","False","iid_evidence_id          NUMBER         NOT NULL"
"tbl_iid_evidence","iid_case_id","NUMBER","True","False","iid_case_id              NUMBER         NOT NULL"
"tbl_iid_evidence","evidence_type_id","NUMBER","True","False","evidence_type_id         NUMBER         NOT NULL"
"tbl_iid_evidence","evidence_title","VARCHAR2(200)","True","False","evidence_title           VARCHAR2(200)  NOT NULL"
"tbl_iid_evidence","evidence_notes","VARCHAR2(1000)","False","False","evidence_notes           VARCHAR2(1000)"
"tbl_iid_evidence","captured_by","NUMBER","False","False","captured_by              NUMBER"
"tbl_iid_evidence","captured_on","DATE","True","True","captured_on              DATE           DEFAULT SYSDATE NOT NULL"
"tbl_iid_evidence","is_active","CHAR(1)","True","True","is_active                CHAR(1)        DEFAULT 'Y' NOT NULL"
"tbl_iid_evidence","created_by","NUMBER","False","False","created_by               NUMBER"
"tbl_iid_evidence","created_on","DATE","True","True","created_on               DATE           DEFAULT SYSDATE NOT NULL"
"tbl_iid_evidence","modified_by","NUMBER","False","False","modified_by              NUMBER"
"tbl_iid_evidence","modified_on","DATE","False","False","modified_on              DATE"
"tbl_iid_evidence","record_version","NUMBER","True","True","record_version           NUMBER         DEFAULT 1 NOT NULL"
"tbl_iid_statement","iid_statement_id","NUMBER","True","False","iid_statement_id         NUMBER         NOT NULL"
"tbl_iid_statement","iid_case_id","NUMBER","True","False","iid_case_id              NUMBER         NOT NULL"
"tbl_iid_statement","statement_type_id","NUMBER","True","False","statement_type_id        NUMBER         NOT NULL"
"tbl_iid_statement","person_name","VARCHAR2(200)","True","False","person_name              VARCHAR2(200)  NOT NULL"
"tbl_iid_statement","person_identifier","VARCHAR2(100)","False","False","person_identifier        VARCHAR2(100)"
"tbl_iid_statement","statement_text","CLOB","True","False","statement_text           CLOB           NOT NULL"
"tbl_iid_statement","recorded_by","NUMBER","False","False","recorded_by              NUMBER"
"tbl_iid_statement","recorded_on","DATE","True","True","recorded_on              DATE           DEFAULT SYSDATE NOT NULL"
"tbl_iid_statement","is_active","CHAR(1)","True","True","is_active                CHAR(1)        DEFAULT 'Y' NOT NULL"
"tbl_iid_statement","created_by","NUMBER","False","False","created_by               NUMBER"
"tbl_iid_statement","created_on","DATE","True","True","created_on               DATE           DEFAULT SYSDATE NOT NULL"
"tbl_iid_statement","modified_by","NUMBER","False","False","modified_by              NUMBER"
"tbl_iid_statement","modified_on","DATE","False","False","modified_on              DATE"
"tbl_iid_statement","record_version","NUMBER","True","True","record_version           NUMBER         DEFAULT 1 NOT NULL"
"tbl_iid_finding","iid_finding_id","NUMBER","True","False","iid_finding_id           NUMBER         NOT NULL"
"tbl_iid_finding","iid_case_id","NUMBER","True","False","iid_case_id              NUMBER         NOT NULL"
"tbl_iid_finding","finding_type_id","NUMBER","True","False","finding_type_id          NUMBER         NOT NULL"
"tbl_iid_finding","severity_id","NUMBER","False","False","severity_id              NUMBER"
"tbl_iid_finding","finding_status_id","NUMBER","True","False","finding_status_id        NUMBER         NOT NULL"
"tbl_iid_finding","allegation_text","CLOB","False","False","allegation_text          CLOB"
"tbl_iid_finding","finding_text","CLOB","True","False","finding_text             CLOB           NOT NULL"
"tbl_iid_finding","recommendation_text","CLOB","False","False","recommendation_text      CLOB"
"tbl_iid_finding","is_active","CHAR(1)","True","True","is_active                CHAR(1)        DEFAULT 'Y' NOT NULL"
"tbl_iid_finding","created_by","NUMBER","False","False","created_by               NUMBER"
"tbl_iid_finding","created_on","DATE","True","True","created_on               DATE           DEFAULT SYSDATE NOT NULL"
"tbl_iid_finding","modified_by","NUMBER","False","False","modified_by              NUMBER"
"tbl_iid_finding","modified_on","DATE","False","False","modified_on              DATE"
"tbl_iid_finding","record_version","NUMBER","True","True","record_version           NUMBER         DEFAULT 1 NOT NULL"
"tbl_iid_report","iid_report_id","NUMBER","True","False","iid_report_id            NUMBER         NOT NULL"
"tbl_iid_report","iid_case_id","NUMBER","True","False","iid_case_id              NUMBER         NOT NULL"
"tbl_iid_report","report_no","VARCHAR2(50)","True","False","report_no                VARCHAR2(50)   NOT NULL"
"tbl_iid_report","report_version_no","NUMBER","True","True","report_version_no        NUMBER         DEFAULT 1 NOT NULL"
"tbl_iid_report","report_status_id","NUMBER","True","False","report_status_id         NUMBER         NOT NULL"
"tbl_iid_report","executive_summary","CLOB","False","False","executive_summary        CLOB"
"tbl_iid_report","proceedings_text","CLOB","False","False","proceedings_text         CLOB"
"tbl_iid_report","findings_text","CLOB","False","False","findings_text            CLOB"
"tbl_iid_report","recommendation_text","CLOB","False","False","recommendation_text      CLOB"
"tbl_iid_report","approved_by","NUMBER","False","False","approved_by              NUMBER"
"tbl_iid_report","approved_on","DATE","False","False","approved_on              DATE"
"tbl_iid_report","is_active","CHAR(1)","True","True","is_active                CHAR(1)        DEFAULT 'Y' NOT NULL"
"tbl_iid_report","created_by","NUMBER","False","False","created_by               NUMBER"
"tbl_iid_report","created_on","DATE","True","True","created_on               DATE           DEFAULT SYSDATE NOT NULL"
"tbl_iid_report","modified_by","NUMBER","False","False","modified_by              NUMBER"
"tbl_iid_report","modified_on","DATE","False","False","modified_on              DATE"
"tbl_iid_report","record_version","NUMBER","True","True","record_version           NUMBER         DEFAULT 1 NOT NULL"
"tbl_iid_exception_report","iid_exception_report_id","NUMBER","True","False","iid_exception_report_id  NUMBER         NOT NULL"
"tbl_iid_exception_report","iid_case_id","NUMBER","True","False","iid_case_id              NUMBER         NOT NULL"
"tbl_iid_exception_report","report_code","VARCHAR2(50)","True","False","report_code              VARCHAR2(50)   NOT NULL"
"tbl_iid_exception_report","report_name","VARCHAR2(200)","True","False","report_name              VARCHAR2(200)  NOT NULL"
"tbl_iid_exception_report","report_type_id","NUMBER","True","False","report_type_id           NUMBER         NOT NULL"
"tbl_iid_exception_report","source_system_name","VARCHAR2(100)","False","False","source_system_name       VARCHAR2(100)"
"tbl_iid_exception_report","is_active","CHAR(1)","True","True","is_active                CHAR(1)        DEFAULT 'Y' NOT NULL"
"tbl_iid_exception_report","created_by","NUMBER","False","False","created_by               NUMBER"
"tbl_iid_exception_report","created_on","DATE","True","True","created_on               DATE           DEFAULT SYSDATE NOT NULL"
"tbl_iid_exception_report","modified_by","NUMBER","False","False","modified_by              NUMBER"
"tbl_iid_exception_report","modified_on","DATE","False","False","modified_on              DATE"
"tbl_iid_exception_report","record_version","NUMBER","True","True","record_version           NUMBER         DEFAULT 1 NOT NULL"
"tbl_iid_exception_column","iid_exception_column_id","NUMBER","True","False","iid_exception_column_id  NUMBER         NOT NULL"
"tbl_iid_exception_column","iid_exception_report_id","NUMBER","True","False","iid_exception_report_id  NUMBER         NOT NULL"
"tbl_iid_exception_column","column_name","VARCHAR2(100)","True","False","column_name              VARCHAR2(100)  NOT NULL"
"tbl_iid_exception_column","column_label","VARCHAR2(200)","True","False","column_label             VARCHAR2(200)  NOT NULL"
"tbl_iid_exception_column","data_type_name","VARCHAR2(50)","True","False","data_type_name           VARCHAR2(50)   NOT NULL"
"tbl_iid_exception_column","column_sequence_no","NUMBER","True","True","column_sequence_no       NUMBER         DEFAULT 0 NOT NULL"
"tbl_iid_exception_column","is_key_column","CHAR(1)","True","True","is_key_column            CHAR(1)        DEFAULT 'N' NOT NULL"
"tbl_iid_exception_column","is_active","CHAR(1)","True","True","is_active                CHAR(1)        DEFAULT 'Y' NOT NULL"
"tbl_iid_exception_column","created_by","NUMBER","False","False","created_by               NUMBER"
"tbl_iid_exception_column","created_on","DATE","True","True","created_on               DATE           DEFAULT SYSDATE NOT NULL"
"tbl_iid_exception_column","modified_by","NUMBER","False","False","modified_by              NUMBER"
"tbl_iid_exception_column","modified_on","DATE","False","False","modified_on              DATE"
"tbl_iid_exception_column","record_version","NUMBER","True","True","record_version           NUMBER         DEFAULT 1 NOT NULL"
"tbl_iid_exception_item","iid_exception_item_id","NUMBER","True","False","iid_exception_item_id    NUMBER         NOT NULL"
"tbl_iid_exception_item","iid_exception_report_id","NUMBER","True","False","iid_exception_report_id  NUMBER         NOT NULL"
"tbl_iid_exception_item","item_type_id","NUMBER","True","False","item_type_id             NUMBER         NOT NULL"
"tbl_iid_exception_item","item_reference_no","VARCHAR2(100)","False","False","item_reference_no        VARCHAR2(100)"
"tbl_iid_exception_item","account_no","VARCHAR2(100)","False","False","account_no               VARCHAR2(100)"
"tbl_iid_exception_item","loan_no","VARCHAR2(100)","False","False","loan_no                  VARCHAR2(100)"
"tbl_iid_exception_item","customer_identifier","VARCHAR2(100)","False","False","customer_identifier      VARCHAR2(100)"
"tbl_iid_exception_item","item_notes","VARCHAR2(1000)","False","False","item_notes               VARCHAR2(1000)"
"tbl_iid_exception_item","extracted_on","DATE","False","False","extracted_on             DATE"
"tbl_iid_exception_item","is_active","CHAR(1)","True","True","is_active                CHAR(1)        DEFAULT 'Y' NOT NULL"
"tbl_iid_exception_item","created_by","NUMBER","False","False","created_by               NUMBER"
"tbl_iid_exception_item","created_on","DATE","True","True","created_on               DATE           DEFAULT SYSDATE NOT NULL"
"tbl_iid_exception_item","modified_by","NUMBER","False","False","modified_by              NUMBER"
"tbl_iid_exception_item","modified_on","DATE","False","False","modified_on              DATE"
"tbl_iid_exception_item","record_version","NUMBER","True","True","record_version           NUMBER         DEFAULT 1 NOT NULL"
"tbl_iid_exception_item_txn","iid_exception_item_txn_id","NUMBER","True","False","iid_exception_item_txn_id NUMBER       NOT NULL"
"tbl_iid_exception_item_txn","iid_exception_item_id","NUMBER","True","False","iid_exception_item_id     NUMBER       NOT NULL"
"tbl_iid_exception_item_txn","txn_reference_no","VARCHAR2(100)","False","False","txn_reference_no          VARCHAR2(100)"
"tbl_iid_exception_item_txn","txn_date","DATE","False","False","txn_date                  DATE"
"tbl_iid_exception_item_txn","debit_amount","NUMBER","False","False","debit_amount              NUMBER"
"tbl_iid_exception_item_txn","credit_amount","NUMBER","False","False","credit_amount             NUMBER"
"tbl_iid_exception_item_txn","branch_code","VARCHAR2(50)","False","False","branch_code               VARCHAR2(50)"
"tbl_iid_exception_item_txn","narrative_text","VARCHAR2(1000)","False","False","narrative_text            VARCHAR2(1000)"
"tbl_iid_exception_item_txn","is_active","CHAR(1)","True","True","is_active                 CHAR(1)      DEFAULT 'Y' NOT NULL"
"tbl_iid_exception_item_txn","created_by","NUMBER","False","False","created_by                NUMBER"
"tbl_iid_exception_item_txn","created_on","DATE","True","True","created_on                DATE         DEFAULT SYSDATE NOT NULL"
"tbl_iid_exception_item_txn","modified_by","NUMBER","False","False","modified_by               NUMBER"
"tbl_iid_exception_item_txn","modified_on","DATE","False","False","modified_on               DATE"
"tbl_iid_exception_item_txn","record_version","NUMBER","True","True","record_version            NUMBER       DEFAULT 1 NOT NULL"
"tbl_commercial_om","commercial_om_id","NUMBER","True","False","commercial_om_id        NUMBER         NOT NULL"
"tbl_commercial_om","audit_year","NUMBER","True","False","audit_year              NUMBER         NOT NULL"
"tbl_commercial_om","om_no","VARCHAR2(100)","True","False","om_no                   VARCHAR2(100)  NOT NULL"
"tbl_commercial_om","gist_text","VARCHAR2(500)","True","False","gist_text               VARCHAR2(500)  NOT NULL"
"tbl_commercial_om","body_text","CLOB","True","False","body_text               CLOB           NOT NULL"
"tbl_commercial_om","management_response","CLOB","False","False","management_response     CLOB"
"tbl_commercial_om","commercial_status_id","NUMBER","True","False","commercial_status_id    NUMBER         NOT NULL"
"tbl_commercial_om","approved_by","NUMBER","False","False","approved_by             NUMBER"
"tbl_commercial_om","approved_on","DATE","False","False","approved_on             DATE"
"tbl_commercial_om","is_active","CHAR(1)","True","True","is_active               CHAR(1)        DEFAULT 'Y' NOT NULL"
"tbl_commercial_om","created_by","NUMBER","False","False","created_by              NUMBER"
"tbl_commercial_om","created_on","DATE","True","True","created_on              DATE           DEFAULT SYSDATE NOT NULL"
"tbl_commercial_om","modified_by","NUMBER","False","False","modified_by             NUMBER"
"tbl_commercial_om","modified_on","DATE","False","False","modified_on             DATE"
"tbl_commercial_om","record_version","NUMBER","True","True","record_version          NUMBER         DEFAULT 1 NOT NULL"
"tbl_commercial_pdp","commercial_pdp_id","NUMBER","True","False","commercial_pdp_id       NUMBER         NOT NULL"
"tbl_commercial_pdp","audit_year","NUMBER","True","False","audit_year              NUMBER         NOT NULL"
"tbl_commercial_pdp","pdp_no","VARCHAR2(100)","True","False","pdp_no                  VARCHAR2(100)  NOT NULL"
"tbl_commercial_pdp","gist_text","VARCHAR2(500)","True","False","gist_text               VARCHAR2(500)  NOT NULL"
"tbl_commercial_pdp","body_text","CLOB","True","False","body_text               CLOB           NOT NULL"
"tbl_commercial_pdp","management_response","CLOB","False","False","management_response     CLOB"
"tbl_commercial_pdp","dac_recommendation","CLOB","False","False","dac_recommendation      CLOB"
"tbl_commercial_pdp","commercial_status_id","NUMBER","True","False","commercial_status_id    NUMBER         NOT NULL"
"tbl_commercial_pdp","approved_by","NUMBER","False","False","approved_by             NUMBER"
"tbl_commercial_pdp","approved_on","DATE","False","False","approved_on             DATE"
"tbl_commercial_pdp","is_active","CHAR(1)","True","True","is_active               CHAR(1)        DEFAULT 'Y' NOT NULL"
"tbl_commercial_pdp","created_by","NUMBER","False","False","created_by              NUMBER"
"tbl_commercial_pdp","created_on","DATE","True","True","created_on              DATE           DEFAULT SYSDATE NOT NULL"
"tbl_commercial_pdp","modified_by","NUMBER","False","False","modified_by             NUMBER"
"tbl_commercial_pdp","modified_on","DATE","False","False","modified_on             DATE"
"tbl_commercial_pdp","record_version","NUMBER","True","True","record_version          NUMBER         DEFAULT 1 NOT NULL"
"tbl_commercial_pdp_observation","commercial_pdp_observation_id","NUMBER","True","False","commercial_pdp_observation_id NUMBER   NOT NULL"
"tbl_commercial_pdp_observation","commercial_pdp_id","NUMBER","True","False","commercial_pdp_id             NUMBER   NOT NULL"
"tbl_commercial_pdp_observation","commercial_om_id","NUMBER","True","False","commercial_om_id              NUMBER   NOT NULL"
"tbl_commercial_pdp_observation","is_active","CHAR(1)","True","True","is_active                     CHAR(1)  DEFAULT 'Y' NOT NULL"
"tbl_commercial_pdp_observation","created_by","NUMBER","False","False","created_by                    NUMBER"
"tbl_commercial_pdp_observation","created_on","DATE","True","True","created_on                    DATE     DEFAULT SYSDATE NOT NULL"
"tbl_commercial_pdp_observation","modified_by","NUMBER","False","False","modified_by                   NUMBER"
"tbl_commercial_pdp_observation","modified_on","DATE","False","False","modified_on                   DATE"
"tbl_commercial_pdp_observation","record_version","NUMBER","True","True","record_version                NUMBER   DEFAULT 1 NOT NULL"
"tbl_commercial_arpse","commercial_arpse_id","NUMBER","True","False","commercial_arpse_id     NUMBER         NOT NULL"
"tbl_commercial_arpse","audit_year","NUMBER","True","False","audit_year              NUMBER         NOT NULL"
"tbl_commercial_arpse","para_no","VARCHAR2(100)","True","False","para_no                 VARCHAR2(100)  NOT NULL"
"tbl_commercial_arpse","gist_text","VARCHAR2(500)","True","False","gist_text               VARCHAR2(500)  NOT NULL"
"tbl_commercial_arpse","management_response","CLOB","False","False","management_response     CLOB"
"tbl_commercial_arpse","commercial_status_id","NUMBER","True","False","commercial_status_id    NUMBER         NOT NULL"
"tbl_commercial_arpse","approved_by","NUMBER","False","False","approved_by             NUMBER"
"tbl_commercial_arpse","approved_on","DATE","False","False","approved_on             DATE"
"tbl_commercial_arpse","is_active","CHAR(1)","True","True","is_active               CHAR(1)        DEFAULT 'Y' NOT NULL"
"tbl_commercial_arpse","created_by","NUMBER","False","False","created_by              NUMBER"
"tbl_commercial_arpse","created_on","DATE","True","True","created_on              DATE           DEFAULT SYSDATE NOT NULL"
"tbl_commercial_arpse","modified_by","NUMBER","False","False","modified_by             NUMBER"
"tbl_commercial_arpse","modified_on","DATE","False","False","modified_on             DATE"
"tbl_commercial_arpse","record_version","NUMBER","True","True","record_version          NUMBER         DEFAULT 1 NOT NULL"
"tbl_commercial_arpse_resolution","commercial_arpse_resolution_id","NUMBER","True","False","commercial_arpse_resolution_id NUMBER   NOT NULL"
"tbl_commercial_arpse_resolution","commercial_arpse_id","NUMBER","True","False","commercial_arpse_id            NUMBER   NOT NULL"
"tbl_commercial_arpse_resolution","resolution_type_id","NUMBER","True","False","resolution_type_id             NUMBER   NOT NULL"
"tbl_commercial_arpse_resolution","resolution_text","CLOB","True","False","resolution_text                CLOB     NOT NULL"
"tbl_commercial_arpse_resolution","resolution_status_id","NUMBER","False","False","resolution_status_id           NUMBER"
"tbl_commercial_arpse_resolution","resolution_date","DATE","False","False","resolution_date                DATE"
"tbl_commercial_arpse_resolution","is_active","CHAR(1)","True","True","is_active                      CHAR(1)  DEFAULT 'Y' NOT NULL"
"tbl_commercial_arpse_resolution","created_by","NUMBER","False","False","created_by                     NUMBER"
"tbl_commercial_arpse_resolution","created_on","DATE","True","True","created_on                     DATE     DEFAULT SYSDATE NOT NULL"
"tbl_commercial_arpse_resolution","modified_by","NUMBER","False","False","modified_by                    NUMBER"
"tbl_commercial_arpse_resolution","modified_on","DATE","False","False","modified_on                    DATE"
"tbl_commercial_arpse_resolution","record_version","NUMBER","True","True","record_version                 NUMBER   DEFAULT 1 NOT NULL"
"tbl_report","report_id","NUMBER","True","False","report_id               NUMBER         NOT NULL"
"tbl_report","engagement_id","NUMBER","True","False","engagement_id           NUMBER         NOT NULL"
"tbl_report","report_type_id","NUMBER","True","False","report_type_id          NUMBER         NOT NULL"
"tbl_report","report_title","VARCHAR2(300)","True","False","report_title            VARCHAR2(300)  NOT NULL"
"tbl_report","report_version_no","NUMBER","True","True","report_version_no       NUMBER         DEFAULT 1 NOT NULL"
"tbl_report","report_status_id","NUMBER","True","False","report_status_id        NUMBER         NOT NULL"
"tbl_report","prepared_on","DATE","True","True","prepared_on             DATE           DEFAULT SYSDATE NOT NULL"
"tbl_report","approved_by","NUMBER","False","False","approved_by             NUMBER"
"tbl_report","approved_on","DATE","False","False","approved_on             DATE"
"tbl_report","is_active","CHAR(1)","True","True","is_active               CHAR(1)        DEFAULT 'Y' NOT NULL"
"tbl_report","created_by","NUMBER","False","False","created_by              NUMBER"
"tbl_report","created_on","DATE","True","True","created_on              DATE           DEFAULT SYSDATE NOT NULL"
"tbl_report","modified_by","NUMBER","False","False","modified_by             NUMBER"
"tbl_report","modified_on","DATE","False","False","modified_on             DATE"
"tbl_report","record_version","NUMBER","True","True","record_version          NUMBER         DEFAULT 1 NOT NULL"
"tbl_report_section","report_section_id","NUMBER","True","False","report_section_id       NUMBER         NOT NULL"
"tbl_report_section","report_id","NUMBER","True","False","report_id               NUMBER         NOT NULL"
"tbl_report_section","section_code","VARCHAR2(50)","True","False","section_code            VARCHAR2(50)   NOT NULL"
"tbl_report_section","section_title","VARCHAR2(200)","True","False","section_title           VARCHAR2(200)  NOT NULL"
"tbl_report_section","sequence_no","NUMBER","True","True","sequence_no             NUMBER         DEFAULT 0 NOT NULL"
"tbl_report_section","section_text","CLOB","False","False","section_text            CLOB"
"tbl_report_section","is_active","CHAR(1)","True","True","is_active               CHAR(1)        DEFAULT 'Y' NOT NULL"
"tbl_report_section","created_by","NUMBER","False","False","created_by              NUMBER"
"tbl_report_section","created_on","DATE","True","True","created_on              DATE           DEFAULT SYSDATE NOT NULL"
"tbl_report_section","modified_by","NUMBER","False","False","modified_by             NUMBER"
"tbl_report_section","modified_on","DATE","False","False","modified_on             DATE"
"tbl_report_section","record_version","NUMBER","True","True","record_version          NUMBER         DEFAULT 1 NOT NULL"
"tbl_report_snapshot","report_snapshot_id","NUMBER","True","False","report_snapshot_id      NUMBER         NOT NULL"
"tbl_report_snapshot","report_id","NUMBER","True","False","report_id               NUMBER         NOT NULL"
"tbl_report_snapshot","snapshot_type_id","NUMBER","True","False","snapshot_type_id        NUMBER         NOT NULL"
"tbl_report_snapshot","snapshot_key","VARCHAR2(100)","True","False","snapshot_key            VARCHAR2(100)  NOT NULL"
"tbl_report_snapshot","snapshot_value","VARCHAR2(200)","False","False","snapshot_value          VARCHAR2(200)"
"tbl_report_snapshot","snapshot_text","CLOB","False","False","snapshot_text           CLOB"
"tbl_report_snapshot","sequence_no","NUMBER","True","True","sequence_no             NUMBER         DEFAULT 0 NOT NULL"
"tbl_report_snapshot","is_active","CHAR(1)","True","True","is_active               CHAR(1)        DEFAULT 'Y' NOT NULL"
"tbl_report_snapshot","created_by","NUMBER","False","False","created_by              NUMBER"
"tbl_report_snapshot","created_on","DATE","True","True","created_on              DATE           DEFAULT SYSDATE NOT NULL"
"tbl_report_snapshot","modified_by","NUMBER","False","False","modified_by             NUMBER"
"tbl_report_snapshot","modified_on","DATE","False","False","modified_on             DATE"
"tbl_report_snapshot","record_version","NUMBER","True","True","record_version          NUMBER         DEFAULT 1 NOT NULL"
"tbl_notification_event","notification_event_id","NUMBER","True","False","notification_event_id   NUMBER         NOT NULL"
"tbl_notification_event","event_code","VARCHAR2(50)","True","False","event_code              VARCHAR2(50)   NOT NULL"
"tbl_notification_event","event_name","VARCHAR2(150)","True","False","event_name              VARCHAR2(150)  NOT NULL"
"tbl_notification_event","module_code","VARCHAR2(50)","True","False","module_code             VARCHAR2(50)   NOT NULL"
"tbl_notification_event","description","VARCHAR2(500)","False","False","description             VARCHAR2(500)"
"tbl_notification_event","is_active","CHAR(1)","True","True","is_active               CHAR(1)        DEFAULT 'Y' NOT NULL"
"tbl_notification_event","created_by","NUMBER","False","False","created_by              NUMBER"
"tbl_notification_event","created_on","DATE","True","True","created_on              DATE           DEFAULT SYSDATE NOT NULL"
"tbl_notification_event","modified_by","NUMBER","False","False","modified_by             NUMBER"
"tbl_notification_event","modified_on","DATE","False","False","modified_on             DATE"
"tbl_notification_event","record_version","NUMBER","True","True","record_version          NUMBER         DEFAULT 1 NOT NULL"
"tbl_notification_template","notification_template_id","NUMBER","True","False","notification_template_id NUMBER        NOT NULL"
"tbl_notification_template","notification_event_id","NUMBER","True","False","notification_event_id    NUMBER        NOT NULL"
"tbl_notification_template","culture_code","VARCHAR2(10)","True","False","culture_code             VARCHAR2(10)  NOT NULL"
"tbl_notification_template","subject_template","CLOB","True","False","subject_template         CLOB          NOT NULL"
"tbl_notification_template","body_template","CLOB","True","False","body_template            CLOB          NOT NULL"
"tbl_notification_template","is_active","CHAR(1)","True","True","is_active                CHAR(1)       DEFAULT 'Y' NOT NULL"
"tbl_notification_template","created_by","NUMBER","False","False","created_by               NUMBER"
"tbl_notification_template","created_on","DATE","True","True","created_on               DATE          DEFAULT SYSDATE NOT NULL"
"tbl_notification_template","modified_by","NUMBER","False","False","modified_by              NUMBER"
"tbl_notification_template","modified_on","DATE","False","False","modified_on              DATE"
"tbl_notification_template","record_version","NUMBER","True","True","record_version           NUMBER        DEFAULT 1 NOT NULL"
"tbl_notification_rule","notification_rule_id","NUMBER","True","False","notification_rule_id    NUMBER         NOT NULL"
"tbl_notification_rule","notification_event_id","NUMBER","True","False","notification_event_id   NUMBER         NOT NULL"
"tbl_notification_rule","recipient_type_id","NUMBER","True","False","recipient_type_id       NUMBER         NOT NULL"
"tbl_notification_rule","recipient_expression","VARCHAR2(500)","True","False","recipient_expression    VARCHAR2(500)  NOT NULL"
"tbl_notification_rule","cc_expression","VARCHAR2(500)","False","False","cc_expression           VARCHAR2(500)"
"tbl_notification_rule","attachment_policy_id","NUMBER","False","False","attachment_policy_id    NUMBER"
"tbl_notification_rule","is_active","CHAR(1)","True","True","is_active               CHAR(1)        DEFAULT 'Y' NOT NULL"
"tbl_notification_rule","created_by","NUMBER","False","False","created_by              NUMBER"
"tbl_notification_rule","created_on","DATE","True","True","created_on              DATE           DEFAULT SYSDATE NOT NULL"
"tbl_notification_rule","modified_by","NUMBER","False","False","modified_by             NUMBER"
"tbl_notification_rule","modified_on","DATE","False","False","modified_on             DATE"
"tbl_notification_rule","record_version","NUMBER","True","True","record_version          NUMBER         DEFAULT 1 NOT NULL"
"tbl_notification_queue","notification_queue_id","NUMBER","True","False","notification_queue_id   NUMBER         NOT NULL"
"tbl_notification_queue","notification_event_id","NUMBER","True","False","notification_event_id   NUMBER         NOT NULL"
"tbl_notification_queue","source_entity_name","VARCHAR2(100)","False","False","source_entity_name      VARCHAR2(100)"
"tbl_notification_queue","source_entity_id","NUMBER","False","False","source_entity_id        NUMBER"
"tbl_notification_queue","recipient_to","VARCHAR2(2000)","True","False","recipient_to            VARCHAR2(2000) NOT NULL"
"tbl_notification_queue","recipient_cc","VARCHAR2(2000)","False","False","recipient_cc            VARCHAR2(2000)"
"tbl_notification_queue","subject_text","VARCHAR2(500)","True","False","subject_text            VARCHAR2(500)  NOT NULL"
"tbl_notification_queue","body_text","CLOB","True","False","body_text               CLOB           NOT NULL"
"tbl_notification_queue","queue_status_id","NUMBER","True","False","queue_status_id         NUMBER         NOT NULL"
"tbl_notification_queue","queued_on","DATE","True","True","queued_on               DATE           DEFAULT SYSDATE NOT NULL"
"tbl_notification_queue","processed_on","DATE","False","False","processed_on            DATE"
"tbl_notification_queue","error_text","VARCHAR2(2000)","False","False","error_text              VARCHAR2(2000)"
"tbl_notification_queue","is_active","CHAR(1)","True","True","is_active               CHAR(1)        DEFAULT 'Y' NOT NULL"
"tbl_notification_queue","created_by","NUMBER","False","False","created_by              NUMBER"
"tbl_notification_queue","created_on","DATE","True","True","created_on              DATE           DEFAULT SYSDATE NOT NULL"
"tbl_notification_queue","modified_by","NUMBER","False","False","modified_by             NUMBER"
"tbl_notification_queue","modified_on","DATE","False","False","modified_on             DATE"
"tbl_notification_queue","record_version","NUMBER","True","True","record_version          NUMBER         DEFAULT 1 NOT NULL"
"tbl_attachment","attachment_id","NUMBER","True","False","attachment_id           NUMBER         NOT NULL"
"tbl_attachment","storage_key","VARCHAR2(500)","True","False","storage_key             VARCHAR2(500)  NOT NULL"
"tbl_attachment","original_file_name","VARCHAR2(500)","True","False","original_file_name      VARCHAR2(500)  NOT NULL"
"tbl_attachment","mime_type","VARCHAR2(200)","False","False","mime_type               VARCHAR2(200)"
"tbl_attachment","file_size_bytes","NUMBER","False","False","file_size_bytes         NUMBER"
"tbl_attachment","uploaded_by","NUMBER","False","False","uploaded_by             NUMBER"
"tbl_attachment","uploaded_on","DATE","True","True","uploaded_on             DATE           DEFAULT SYSDATE NOT NULL"
"tbl_attachment","is_active","CHAR(1)","True","True","is_active               CHAR(1)        DEFAULT 'Y' NOT NULL"
"tbl_attachment","created_by","NUMBER","False","False","created_by              NUMBER"
"tbl_attachment","created_on","DATE","True","True","created_on              DATE           DEFAULT SYSDATE NOT NULL"
"tbl_attachment","modified_by","NUMBER","False","False","modified_by             NUMBER"
"tbl_attachment","modified_on","DATE","False","False","modified_on             DATE"
"tbl_attachment","record_version","NUMBER","True","True","record_version          NUMBER         DEFAULT 1 NOT NULL"
"tbl_attachment_link","attachment_link_id","NUMBER","True","False","attachment_link_id      NUMBER         NOT NULL"
"tbl_attachment_link","attachment_id","NUMBER","True","False","attachment_id           NUMBER         NOT NULL"
"tbl_attachment_link","source_entity_name","VARCHAR2(100)","True","False","source_entity_name      VARCHAR2(100)  NOT NULL"
"tbl_attachment_link","source_entity_id","NUMBER","True","False","source_entity_id        NUMBER         NOT NULL"
"tbl_attachment_link","link_type_id","NUMBER","False","False","link_type_id            NUMBER"
"tbl_attachment_link","remarks","VARCHAR2(1000)","False","False","remarks                 VARCHAR2(1000)"
"tbl_attachment_link","is_primary_link","CHAR(1)","True","True","is_primary_link         CHAR(1)        DEFAULT 'N' NOT NULL"
"tbl_attachment_link","is_active","CHAR(1)","True","True","is_active               CHAR(1)        DEFAULT 'Y' NOT NULL"
"tbl_attachment_link","created_by","NUMBER","False","False","created_by              NUMBER"
"tbl_attachment_link","created_on","DATE","True","True","created_on              DATE           DEFAULT SYSDATE NOT NULL"
"tbl_attachment_link","modified_by","NUMBER","False","False","modified_by             NUMBER"
"tbl_attachment_link","modified_on","DATE","False","False","modified_on             DATE"
"tbl_attachment_link","record_version","NUMBER","True","True","record_version          NUMBER         DEFAULT 1 NOT NULL"
"tbl_workflow_event","workflow_event_id","NUMBER","True","False","workflow_event_id       NUMBER         NOT NULL"
"tbl_workflow_event","module_code","VARCHAR2(50)","True","False","module_code             VARCHAR2(50)   NOT NULL"
"tbl_workflow_event","source_entity_name","VARCHAR2(100)","True","False","source_entity_name      VARCHAR2(100)  NOT NULL"
"tbl_workflow_event","source_entity_id","NUMBER","True","False","source_entity_id        NUMBER         NOT NULL"
"tbl_workflow_event","action_code","VARCHAR2(50)","True","False","action_code             VARCHAR2(50)   NOT NULL"
"tbl_workflow_event","from_status_id","NUMBER","False","False","from_status_id          NUMBER"
"tbl_workflow_event","to_status_id","NUMBER","False","False","to_status_id            NUMBER"
"tbl_workflow_event","actor_user_id","NUMBER","False","False","actor_user_id           NUMBER"
"tbl_workflow_event","event_on","DATE","True","True","event_on                DATE           DEFAULT SYSDATE NOT NULL"
"tbl_workflow_event","event_remarks","VARCHAR2(2000)","False","False","event_remarks           VARCHAR2(2000)"
"tbl_workflow_event","created_by","NUMBER","False","False","created_by              NUMBER"
"tbl_workflow_event","created_on","DATE","True","True","created_on              DATE           DEFAULT SYSDATE NOT NULL"
"tbl_workflow_event","modified_by","NUMBER","False","False","modified_by             NUMBER"
"tbl_workflow_event","modified_on","DATE","False","False","modified_on             DATE"
"tbl_workflow_event","record_version","NUMBER","True","True","record_version          NUMBER         DEFAULT 1 NOT NULL"
